row_num,bankcard_opened,mortgage_opened,pl_opened,auto_opened,eads23_score,eads16_trau_cv,eplr01_score,eads57_score,eads19_score,eads20_score,etie04_score,edie04_score,ebcp01_score,eusp01_score,ehep01_score,emtp01_score,ecbp01_score,eiap01_score,eoap01_score,eaup01_score,eads51_score,eads40_score,eads42_score,eads45_score,eads47_score,eapr1a_auattr07,eapr1a_auattr14,eapr1a_auattr21,eapr1a_auattr28,eapr1a_auattr35,eapr1a_auattr42,eapr1a_auattr49,eapr1a_auattr56,eapr1b_aprbc1,eapr1b_aprbc2,eapr1b_aprbc3,eapr1b_aprbc4,eapr1b_aprbc5,eapr1p_plattr07,eapr1p_plattr14,eapr1p_plattr21,eapr1p_plattr28,eapr1p_plattr35,eapr1p_plattr42,eapr1p_plattr49,eapr1p_plattr56,aggs101,aggs102,aggs103,aggs104,aggs105,aggs106,aggs107,aggs108,aggs109,aggs110,aggs111,aggs112,aggs113,aggs114,aggs115,aggs116,aggs117,aggs118,aggs119,aggs120,aggs121,aggs122,aggs123,aggs124,aggs901,aggs902,aggs903,aggs904,aggs905,index01,index02,indexq1,indexq2,indexq3,indexq4,walshrs1,walshrs2,revs101,revs102,revs103,revs104,revs105,revs106,revs107,revs108,revs109,revs110,revs111,revs112,revs113,revs114,revs115,revs116,revs117,revs118,revs119,revs120,revs121,revs122,revs123,revs124,revs901,revs902,revs903,revs904,revs905,rvdex01,rvdex02,rvdexq1,rvdexq2,rvdexq3,rvdexq4,walsrvs1,walsrvs2,rets101,rets102,rets103,rets104,rets105,rets106,rets107,rets108,rets109,rets110,rets111,rets112,rets113,rets114,rets115,rets116,rets117,rets118,rets119,rets120,rets121,rets122,rets123,rets124,rets901,rets902,rets903,rets904,rets905,rtdex01,rtdex02,rtdexq1,rtdexq2,rtdexq3,rtdexq4,walsrts1,walsrts2,at01s,at02s,at03s,at06s,at09s,at12s,at20s,at21s,at24s,at25s,at27s,at28a,at28b,at29s,at30s,at31s,at32s,at33a,at33b,at34a,at34b,at35a,at35b,at36s,at57s,at101s,at101b,at103s,at104s,au01s,au02s,au03s,au06s,au09s,au12s,au20s,au21s,au24s,au25s,au27s,au28s,au29s,au30s,au31s,au32s,au33s,au34s,au35s,au36s,au51a,au57s,au101s,bc01s,bc02s,bc03s,bc06s,bc09s,bc12s,bc20s,bc21s,bc24s,bc25s,bc27s,bc28s,bc29s,bc30s,bc31s,bc32s,bc33s,bc34s,bc35s,bc36s,bc57s,bc97a,bc97b,bc98a,bc101s,bc102s,bc103s,bc104s,bc106s,bc107s,bc108s,bc109s,bc110s,bi01s,bi02s,bi03s,bi06s,bi09s,bi12s,bi20s,bi21s,bi24s,bi25s,bi27s,bi28s,bi29s,bi30s,bi31s,bi32s,bi33s,bi34s,bi35s,bi36s,bi57s,bi101s,br01s,br02s,br03s,br06s,br09s,br12s,br20s,br21s,br24s,br25s,br27s,br28s,br29s,br30s,br31s,br32s,br33s,br34s,br35s,br36s,br57s,br101s,br109s,co01s,co02s,co03s,co04s,co05s,co06s,co07s,fc01s,fc02s,fc03s,fc04s,fc05s,fc06s,fc07s,fi01s,fi02s,fi03s,fi06s,fi09s,fi12s,fi20s,fi21s,fi24s,fi25s,fi27s,fi28s,fi29s,fi30s,fi31s,fi32s,fi33s,fi34s,fi35s,fi36s,fi57s,fi101s,fr01s,fr02s,fr03s,fr06s,fr09s,fr12s,fr20s,fr21s,fr24s,fr25s,fr27s,fr28s,fr29s,fr30s,fr31s,fr32s,fr33s,fr34s,fr35s,fr36s,fr57s,fr101s,g001s,g001b,g001c,g002s,g002b,g002c,g003s,g003c,g020s,g041s,g041c,g042s,g042c,g043s,g043c,g051s,g057s,g058s,g059s,g061s,g063s,g064s,g066s,g068s,g069s,g071s,g093s,g094s,g095s,g099s,g100s,g102s,g105s,g199s,g200s,g201a,g201b,g202a,g202b,g205s,g206s,g207s,g208s,g209s,g210s,g211s,g212s,g213a,g213b,g215a,g215b,g216s,g217s,g218a,g218b,g218c,g218d,g219a,g219b,g219c,g219d,g220a,g220b,g220c,g220d,g221a,g221b,g221c,g221d,g222s,g223s,g224a,g224b,g224c,g225s,g226s,g227s,g228s,g230s,g232s,g234s,g235s,g237s,g238s,g240s,g241s,g250a,g250b,g250c,g251a,g251b,g251c,g300s,g301s,g302s,g303s,g304s,g305s,g306s,g307s,g308s,g309s,g310s,g311s,g312s,g313s,g314s,g315s,g960s,g980s,g990s,hi01s,hi02s,hi03s,hi06s,hi09s,hi12s,hi20s,hi21s,hi24s,hi25s,hi27s,hi28s,hi29s,hi30s,hi31s,hi32s,hi33s,hi34s,hi35s,hi36s,hi57s,hi101s,hr01s,hr02s,hr03s,hr06s,hr09s,hr12s,hr20s,hr21s,hr24s,hr25s,hr27s,hr28s,hr29s,hr30s,hr31s,hr32s,hr33s,hr34s,hr35s,hr36s,hr57s,hr101s,in01s,in02s,in03s,in06s,in09s,in12s,in20s,in21s,in24s,in25s,in27s,in28s,in29s,in30s,in31s,in32s,in33s,in34s,in35s,in36s,in57s,in101s,lm01s,lm02s,lm03s,lm04s,lm05s,lm06s,lm07s,lm08s,lm09s,lm10s,lm11s,lm12s,lm13s,lm14s,lm15s,lm16s,lm17s,lm18s,lm19s,lm20s,lm21s,lm22s,lm23s,lm24s,lm25s,lm26s,lm27s,lm28s,lm29s,lm30s,lm31s,lm32s,lm33s,lm34s,lm35s,lm36s,lm37s,lm38s,lm39s,mt01s,mt02s,mt03s,mt06s,mt09s,mt12s,mt20s,mt21s,mt24s,mt25s,mt27s,mt28s,mt29s,mt30s,mt31s,mt32s,mt33s,mt34s,mt34b,mt34c,mt35s,mt36s,mt47s,mt57s,mt101s,md02s,md33s,md106s,of01s,of02s,of03s,of06s,of09s,of12s,of20s,of21s,of24s,of25s,of27s,of28s,of29s,of30s,of31s,of32s,of33s,of34s,of35s,of36s,of57s,of101s,pb01s,pb02s,pb03s,pb06s,pb09s,pb12s,pb20s,pb21s,pb24s,pb25s,pb27s,pb28s,pb29s,pb30s,pb31s,pb32s,pb33s,pb34s,pb35s,pb36s,pb57s,pb101s,re01s,re02s,re03s,re06s,re09s,re12s,re20s,re21s,re24s,re25s,re27s,re28s,re29s,re30s,re31s,re32s,re33s,re34s,re35s,re36s,re57s,re101s,re102s,rp01s,rp02s,rp03s,rp04s,rp05s,rp06s,rp07s,rp08s,rt01s,rt02s,rt03s,rt06s,rt09s,rt12s,rt20s,rt21s,rt24s,rt25s,rt27s,rt28s,rt29s,rt30s,rt31s,rt32s,rt33s,rt34s,rt35s,rt36s,rt57s,rt101s,rt201s,s004s,s043s,s061s,s062s,s064a,s064b,s068a,s068b,s071a,s071b,s073a,s073b,s114s,st01s,st02s,st03s,st05s,st06s,st09s,st12s,st20s,st21s,st24s,st25s,st27s,st28s,st29s,st30s,st31s,st32s,st33s,st34s,st35s,st36s,st45s,st50s,st57s,st60s,st99s,st101s,atap01,hiap01,hrap01,inap01,mtap01,reap01,s063s,s063a,s208s,s207s,s207a,g106s,g099a,s209s,s209a,s204s,s204a,g242s,g242f,g243f,g244f,g242b,g243b,g244b,st102s,st103s,at01a,us01s,us02s,us03s,us06s,us09s,us12s,us20s,us21s,us24s,us25s,us27s,us28s,us29s,us30s,us31s,us32s,us33s,us34s,us35s,us36s,us57s,us101s,se01s,se02s,se03s,se06s,se09s,se12s,se20s,se21s,se24s,se25s,se27s,se28s,se29s,se30s,se31s,se32s,se33s,se34s,se35s,se36s,se57s,se101s,jt01s,jt02s,jt03s,jt20s,jt21s,jt28s,jt33s,jt34s,jt40s,jt41s,jt42s,jt44s,jt51s,jt53s,jt70s,jt75s,jt80s,au200s,au201s,au202s,au203s,au204s,au205s,au206s,au207s,g400s,g401s,g402s,g403s,g404s,g405s,g406s,g407s,g408s,g409s,g410s,g411s,g412s,g413s,g414s,g415s,g416s,g417s,g418s,us51a,hrap02,reap02,g199b,g200b,g205b,g206b,g207b,g208b,abcdefg,4.28E+10,5.55E+06,12
6741949,0,0,0,0,697,755,717,740,739,680,113,7,611,420,100,395,381,579,637,NULL,4,786,761,734,771,0,NULL,NULL,NULL,NULL,NULL,NULL,NULL,9.5,-5,-5,-5,-5,-3,-3,-3,-3,-3,-3,-3,-3,250,94,96,107,101,24,26,218,117,125,138,201,147,147,156,152,155,172,250,270,813,1083,1135,218,440,672,1497,250,1,32,98,35,33,11,21,100,80,250,94,96,107,101,24,26,218,117,125,138,201,147,147,156,152,155,172,250,270,813,1083,1135,218,440,672,1497,250,1,32,98,35,33,11,21,100,80,-2,-2,-2,-2,-2,-2,-2,-2,-2,-2,-2,-2,-2,-2,-2,-2,5,0,14,11,0,25,17,17,-2,-2,-2,-2,-2,-2,-2,-2,-2,-2,-2,-2,-2,16,5,5,0,0,5,305,26,5,5,5,226695,55995,2,20,20,166449,170198,3749,75,7,34040,937,5,0,170198,3749,100,0,3,1,1,0,0,1,146,26,1,1,1,12185,1,0,0,3749,3749,31,3749,999,39,0,3749,5,3,3,0,0,3,305,53,3,3,3,43810,0,0,0,0,0,0,0,30,0,43810,-2,43810,0,14603,-5,0,0,1,0,0,0,4,1,1,0,0,1,197,26,1,1,1,12185,1,0,0,3749,3749,31,3749,999,0,3749,6,4,4,0,0,4,305,53,4,4,4,214510,1,25,25,166449,166449,78,41612,30,0,166449,0,0,-1,-1,-1,-1,-1,-1,0,-1,-1,-1,-1,-1,-1,0,-1,-1,-1,-1,-1,-1,-1,-1,-1,-1,-1,-1,-1,-1,-1,-1,-1,-1,-1,-1,-1,0,-1,-1,-1,-1,-1,-1,-1,-1,-1,-1,-1,-1,-1,-1,-1,-1,-1,-1,-1,-1,-1,0,1,0,0,1,0,1,0,9,2,0,1,0,1,0,13,0,1,1,1,1,1,1,1,1,1,0,-4,-4,-4,0,-4,-4,665,100,48061,-2,48061,-5,-5,665,665,0,-1,-1,-1,-1,-4,-4,-4,-4,-1,0,0,0,0,0,0,0,0,0,0,0,0,0,0,0,0,0,1,0,1,1,1,0,-3,-3,-3,-3,0,-4,0,-4,-4,-4,-4,2,1,1,1,1,1,1,2,1,2,1,1,1,1,-1,-1,9,9,1,1,-1,-1,-4,-4,-4,0,-1,-1,-1,-1,-1,-1,-1,-1,-1,-1,-1,-1,-1,-1,-1,-1,-1,-1,-1,-1,-1,1,1,1,0,0,1,149,149,1,1,1,170700,1,100,100,166449,166449,98,166449,999,0,166449,6,1,1,0,0,1,197,26,1,1,1,12185,1,0,0,3749,3749,31,3749,999,0,3749,0,-1,-1,-1,-1,-1,-1,-1,-1,-1,-1,-1,0,-1,-1,-1,-1,-1,-1,-1,-1,-1,-1,-1,0,-1,-1,-1,-1,-1,-1,-1,-1,-1,-1,-1,-1,-1,-1,0,-1,-1,-1,-1,-1,-1,-1,-1,-1,-1,-1,-1,-1,-1,-1,-1,-1,-1,-1,-1,-1,-1,-1,-1,-1,-1,-1,2,0,-3,0,0,-3,91,69,-3,-3,-3,-3,-3,-3,-3,-3,-3,-3,-3,999,-3,0,3,2,2,0,0,2,305,67,2,2,2,39400,0,0,0,0,0,0,0,999,0,0,9,4,4,0,0,4,305,53,4,4,4,214510,1,25,25,166449,166449,78,41612,30,0,166449,53628,0,-1,-1,-1,-1,-1,-1,-1,3,0,-3,0,0,-3,170,92,-3,-3,-3,-3,-3,-3,-3,-3,-3,-3,-3,999,-3,-2,0,134,1,5,5,-4,-4,0,-4,-4,-4,-4,-4,-4,0,-1,-1,-1,-1,-1,-1,-1,-1,-1,-1,-1,-1,-1,-1,-1,-1,-1,-1,-1,-1,-1,-1,-1,0,-1,-1,665,-1,353,312,-1,353,-4,-4,-4,-4,-1,418,-1,-4,-4,-4,-4,-4,-4,-4,-4,-4,-4,-4,-1,-1,3,2,0,-3,0,0,-3,117,69,-3,-3,-3,-3,-3,-3,-3,-3,-3,-3,-3,999,-3,0,1,0,-3,0,0,-3,197,197,-3,-3,-3,-3,-3,-3,-3,-3,-3,-3,-3,999,-3,-2,8,2,2,197,26,182885,170198,93,2,6,40,0,999,-5,-5,0,1,0,0,0,0,0,0,0,0,-4,-4,-4,-4,-4,-4,-4,-4,-4,-4,-4,-4,-4,-4,-4,-4,-4,-4,-4,60,353,353,665,100,-5,665,665,0,hijklmn,-5.30E+14,,2
5452986,0,0,0,0,829,821,743,601,813,742,93,10,620,434,92,458,353,550,580,NULL,7,793,765,646,744,-3,-3,-3,-3,-3,-3,-3,-3,12.6,-9,-9,-5,-5,-1,-1,-1,-1,-1,-1,-1,-1,102,0,1600,90,47,1396,0,180,647,277,0,94,98,57,599,209,104,46,211,91,170,364,325,94,1702,3235,4433,1600,3,187,226,4,25,33,38,100,66,102,0,2150,212,47,1396,85,237,732,387,0,94,334,57,599,209,506,1528,211,212,170,696,325,210,2252,3907,5442,2150,3,108,227,8,24,27,42,100,54,0,0,550,122,0,0,85,57,85,110,0,0,236,0,0,0,402,1482,0,121,0,332,0,116,550,672,1009,550,3,38,233,19,20,7,54,-9,100,19,7,7,0,1,7,471,19,7,7,6,175546,50850,2,14,0,82305,83274,969,47,2,11896,162,999,0,83274,969,100,5,2,0,-3,0,0,-3,159,26,-3,-3,-3,-3,-3,-3,-3,-3,-3,-3,-3,999,1,-3,-2,6,3,3,0,0,3,471,71,3,3,3,39150,1,0,0,969,969,2,323,999,0,38181,-2,38181,969,13050,969,1,0,0,0,0,0,5,0,-3,0,0,-3,198,55,-3,-3,-3,-3,-3,-3,-3,-3,-3,-3,-3,999,-3,-2,7,3,3,0,0,3,471,71,3,3,3,39150,1,0,0,969,969,2,323,999,0,969,0,0,-1,-1,-1,-1,-1,-1,0,-1,-1,-1,-1,-1,-1,1,0,-3,0,0,-3,26,26,-3,-3,-3,-3,-3,-3,-3,-3,-3,-3,-3,999,-3,-2,2,2,2,0,1,2,116,19,2,2,1,10500,0,0,0,0,0,0,0,999,0,0,0,0,0,0,0,0,0,0,9,0,0,0,0,0,0,0,0,0,0,0,0,0,0,0,0,0,0,-4,-4,-4,0,-4,-4,783,100,49881,-2,49881,-2,783,-2,783,100,-1,-1,-1,-1,-4,-4,-4,-4,0,0,0,0,0,0,0,0,0,0,0,0,0,0,0,0,0,0,-1,-1,0,0,0,-1,-3,-3,-1,-1,0,-4,-1,-4,-4,-4,-4,0,0,0,0,0,0,1,1,1,1,-2,1,-2,1,1,1,1,1,-1,-1,-1,-1,-4,-4,-4,0,-1,-1,-1,-1,-1,-1,-1,-1,-1,-1,-1,-1,-1,-1,-1,-1,-1,-1,-1,-1,-1,0,-1,-1,-1,-1,-1,-1,-1,-1,-1,-1,-1,-1,-1,-1,-1,-1,-1,-1,-1,-1,-1,6,0,-3,0,0,-3,198,26,-3,-3,-3,-3,-3,-3,-3,-3,-3,-3,-3,999,-3,-2,0,-1,-1,-1,-1,-1,-1,-1,-1,-1,-1,-1,0,-1,-1,-1,-1,-1,-1,-1,-1,-1,-1,-1,0,-1,-1,-1,-1,-1,-1,-1,-1,-1,-1,-1,-1,-1,-1,3,1,1,0,0,1,194,102,1,1,1,124696,1,100,0,82305,82305,66,66,66,82305,999,0,0,82305,-1,-1,-1,0,-1,-1,-1,-1,-1,-1,-1,-1,-1,-1,-1,-1,-1,-1,-1,-1,-1,-1,-1,-1,-1,1,1,1,0,0,1,253,253,1,1,1,25850,1,0,0,969,969,4,969,999,0,969,10,6,6,0,1,6,471,19,6,6,5,50850,1,0,0,969,969,2,162,999,0,969,8475,0,-1,-1,-1,-1,-1,-1,-1,3,3,3,0,1,3,233,19,3,3,2,11700,0,0,0,0,0,0,0,999,0,0,0,167,0,999,999,-4,-4,0,-4,-4,-4,-4,-4,-4,4,0,-3,0,0,0,-3,198,55,-3,-3,-3,-3,-3,-3,-3,-3,-3,-3,-3,999,-1,0,-3,0,-5,-2,783,-1,-1,-3,748,35,-4,-4,-4,-4,-1,560,-1,-4,-4,-4,-4,-4,-4,-4,-4,-4,-4,-4,0,0,0,0,-1,-1,-1,-1,-1,-1,-1,-1,-1,-1,-1,-1,-1,-1,-1,-1,-1,-1,-1,-1,-1,0,-1,-1,-1,-1,-1,-1,-1,-1,-1,-1,-1,-1,-1,-1,-1,-1,-1,-1,-1,-1,-1,3,0,-3,81,55,-3,-2,-3,0,3,0,0,999,-2,-5,0,-5,0,0,0,0,0,0,0,0,-4,-4,-4,-4,-4,-4,-4,-4,-4,-4,-4,-4,-4,-4,-4,-4,-4,-4,-4,-1,-1,-3,783,100,783,-2,783,100,,,,
9706072,0,0,0,0,589,606,598,615,599,583,49,29,581,442,66,464,422,591,523,NULL,4,787,746,767,750,-3,-3,-3,-3,-3,-3,-3,-3,19.4,6.2,-5,-5,-5,-1,-1,-1,-1,-1,-1,-1,-1,58,72,89,94,25,93,25,24,58,84,35,99,31,109,124,33,19,148,142,217,182,96,33,102,219,431,756,99,12,61,83,23,23,20,35,100,44,58,72,89,94,25,93,25,24,58,84,35,99,31,109,124,33,19,148,142,217,182,96,33,102,219,431,756,99,12,61,83,23,23,20,35,100,44,11,54,14,29,25,8,29,34,63,0,0,30,22,49,31,23,23,27,21,75,30,41,35,48,79,141,297,63,9,70,77,17,31,20,31,100,100,8,5,4,0,0,5,164,67,4,4,4,122123,10523,4,60,40,76490,81152,4662,66,44,16230,1554,1,186,81152,4662,80,0,1,0,-3,0,0,-3,148,148,-3,-3,-3,-3,-3,-3,-3,-3,-3,-3,-3,999,66,-3,-2,2,2,2,0,0,2,127,90,2,2,2,4500,2,100,50,1937,3606,80,1803,1,0,894,-3,894,3606,2250,1803,82,1,15,0,0,0,0,-1,-1,-1,-1,-1,-1,-1,-1,-1,-1,-1,-1,-1,-1,-1,-1,-1,-1,-1,-1,-1,1,1,1,0,0,1,90,90,1,1,1,2000,1,100,100,1937,1937,97,1937,1,0,1937,0,0,-1,-1,-1,-1,-1,-1,0,-1,-1,-1,-1,-1,-1,0,-1,-1,-1,-1,-1,-1,-1,-1,-1,-1,-1,-1,-1,-1,-1,-1,-1,-1,-1,-1,-1,0,-1,-1,-1,-1,-1,-1,-1,-1,-1,-1,-1,-1,-1,-1,-1,-1,-1,-1,-1,-1,-1,6,7,0,1,1,0,0,0,5,3,0,2,0,1,0,38,2,2,2,2,1,1,1,0,0,0,0,-4,-4,-4,0,-4,-4,1202,100,13294,-2,13294,-2,257,945,1202,21,-1,-1,-1,-1,-4,-4,-4,-4,-1,186,0,1,0,0,1,1,0,0,0,0,0,0,0,0,0,0,1,0,1,0,0,-1,-3,-3,-3,-3,0,-4,0,-4,-4,-4,-4,3,2,2,2,1,1,2,2,2,4,3,3,-2,1,1,1,3,4,1,1,-1,-1,-4,-4,-4,0,-1,-1,-1,-1,-1,-1,-1,-1,-1,-1,-1,-1,-1,-1,-1,-1,-1,-1,-1,-1,-1,1,1,1,0,0,1,164,164,1,1,1,12400,0,0,0,0,0,0,0,999,0,0,3,1,0,0,0,1,148,67,0,0,0,6023,1,0,0,1056,1056,18,1056,1,186,1056,0,-1,-1,-1,-1,-1,-1,-1,-1,-1,-1,-1,0,-1,-1,-1,-1,-1,-1,-1,-1,-1,-1,-1,0,-1,-1,-1,-1,-1,-1,-1,-1,-1,-1,-1,-1,-1,-1,1,1,1,0,0,1,164,164,1,1,1,99200,1,100,100,76490,76490,77,77,77,76490,999,0,0,76490,-1,-1,-1,6,4,3,0,0,4,164,67,3,3,3,120123,3,50,25,76490,79215,66,19804,1,186,79215,0,-1,-1,-1,-1,-1,-1,-1,-1,-1,-1,-1,-1,-1,-1,-1,-1,-1,-1,-1,-1,-1,4,3,3,0,0,3,164,88,3,3,3,16900,2,67,33,1937,3606,21,1202,1,0,3606,5633,0,-1,-1,-1,-1,-1,-1,-1,1,0,-3,0,0,-3,88,88,-3,-3,-3,-3,-3,-3,-3,-3,-3,-3,-3,30,-3,-2,0,116,2,1,30,-4,-4,0,-4,-4,-4,-4,-4,-4,0,-1,-1,-1,-1,-1,-1,-1,-1,-1,-1,-1,-1,-1,-1,-1,-1,-1,-1,-1,-1,-1,-1,-1,0,-1,-1,1202,-1,0,138,945,119,-4,-4,-4,-4,-1,463,-1,-4,-4,-4,-4,-4,-4,-4,-4,-4,-4,-4,-1,-1,0,0,-1,-1,-1,-1,-1,-1,-1,-1,-1,-1,-1,-1,-1,-1,-1,-1,-1,-1,-1,-1,-1,2,1,0,0,0,1,76,67,0,0,0,6023,1,0,0,1056,1056,18,1056,1,186,1056,2,1,1,164,148,99200,76490,77,0,2,20,0,999,-5,0,0,-3,0,0,0,0,0,0,0,0,-4,-4,-4,-4,-4,-4,-4,-4,-4,-4,-4,-4,-4,-4,-4,-4,-4,-4,-4,-1,0,119,1202,100,257,945,1202,21,,,,
7146294,0,0,0,0,642,607,545,622,682,619,69,0,355,228,89,172,NULL,NULL,239,NULL,0,624,674,478,582,-1,-1,-1,-1,-1,-1,-1,-1,-1,-1,-1,-1,-1,-1,-1,-1,-1,-1,-1,-1,-1,-1,-1,-1,-1,-1,-1,-1,-1,-1,-1,-1,-1,-1,-1,-1,-1,-1,-1,-1,-1,-1,-1,-1,-1,-1,-1,-1,-1,-1,-1,-1,-1,-1,-1,-1,-1,-1,-2,-2,-2,-2,-2,-2,-2,-2,-2,-2,-2,-2,-2,-2,-2,-2,-2,-2,-2,-2,-2,-2,-2,-2,-2,-2,-2,-2,-2,-2,-2,-2,-2,-2,-2,-2,-2,-2,-2,-2,-2,-2,-2,-2,-2,-2,-2,-2,-2,-2,-2,-2,-2,-2,-2,-2,-2,-2,-2,-2,-2,-2,-2,-2,-2,-2,-2,-2,-2,-2,-2,-2,-2,-2,1,0,-3,0,0,-3,535,535,-3,-3,-3,-3,-3,-3,-3,-3,-3,-3,-3,-3,-3,-3,-3,999,-3,-2,-2,-3,0,0,-1,-1,-1,-1,-1,-1,-1,-1,-1,-1,-1,-1,-1,-1,-1,-1,-1,-1,-1,-1,-1,-1,0,-1,-1,-1,-1,-1,-1,-1,-1,-1,-1,-1,-1,-1,-1,-1,-1,-1,-1,-1,-1,-1,-1,-1,-1,-1,-1,-1,-1,-1,-1,-1,-1,0,-1,-1,-1,-1,-1,-1,-1,-1,-1,-1,-1,-1,-1,-1,-1,-1,-1,-1,-1,-1,-1,0,-1,-1,-1,-1,-1,-1,-1,-1,-1,-1,-1,-1,-1,-1,-1,-1,-1,-1,-1,-1,-1,-1,0,-1,-1,-1,-1,-1,-1,0,-1,-1,-1,-1,-1,-1,0,-1,-1,-1,-1,-1,-1,-1,-1,-1,-1,-1,-1,-1,-1,-1,-1,-1,-1,-1,-1,-1,0,-1,-1,-1,-1,-1,-1,-1,-1,-1,-1,-1,-1,-1,-1,-1,-1,-1,-1,-1,-1,-1,-2,-2,-1,-2,-2,-1,-2,-1,-2,0,-1,0,-1,0,-1,0,0,0,0,0,0,0,0,0,0,0,0,-4,-4,-4,0,-4,-4,-2,-5,-3,-2,-3,-2,-2,-1,-5,-5,-1,-1,-1,-1,-4,-4,-4,-4,-1,-2,-2,-2,-1,-1,-2,-2,-1,-1,-2,-2,-1,-1,-2,-2,-1,-1,-1,-1,0,0,0,-1,-3,-3,-3,-3,0,-4,-1,-4,-4,-4,-4,0,0,0,0,0,0,-1,-1,-2,1,-1,-1,-1,-1,-1,-1,-2,1,-1,-1,-1,-1,-4,-4,-4,0,-1,-1,-1,-1,-1,-1,-1,-1,-1,-1,-1,-1,-1,-1,-1,-1,-1,-1,-1,-1,-1,0,-1,-1,-1,-1,-1,-1,-1,-1,-1,-1,-1,-1,-1,-1,-1,-1,-1,-1,-1,-1,-1,0,-1,-1,-1,-1,-1,-1,-1,-1,-1,-1,-1,-1,-1,-1,-1,-1,-1,-1,-1,-1,-1,0,-1,-1,-1,-1,-1,-1,-1,-1,-1,-1,-1,0,-1,-1,-1,-1,-1,-1,-1,-1,-1,-1,-1,0,-1,-1,-1,-1,-1,-1,-1,-1,-1,-1,-1,-1,-1,-1,0,-1,-1,-1,-1,-1,-1,-1,-1,-1,-1,-1,-1,-1,-1,-1,-1,-1,-1,-1,-1,-1,-1,-1,-1,-1,-1,-1,0,-1,-1,-1,-1,-1,-1,-1,-1,-1,-1,-1,-1,-1,-1,-1,-1,-1,-1,-1,-1,-1,0,-1,-1,-1,-1,-1,-1,-1,-1,-1,-1,-1,-1,-1,-1,-1,-1,-1,-1,-1,-1,-1,1,0,-3,0,0,-3,535,535,-3,-3,-3,-3,-3,-3,-3,-3,-3,-3,-3,999,-3,-2,-3,0,-1,-1,-1,-1,-1,-1,-1,1,0,-3,0,0,-3,535,535,-3,-3,-3,-3,-3,-3,-3,-3,-3,-3,-3,999,-3,-2,0,535,-3,999,999,-4,-4,0,-4,-4,-4,-4,-4,-4,0,-1,-1,-1,-1,-1,-1,-1,-1,-1,-1,-1,-1,-1,-1,-1,-1,-1,-1,-1,-1,-1,-1,-1,0,-1,-1,-3,-1,-1,-1,-1,-2,-4,-4,-4,-4,-1,450,-1,-4,-4,-4,-4,-4,-4,-4,-4,-4,-4,-4,-1,-1,0,0,-1,-1,-1,-1,-1,-1,-1,-1,-1,-1,-1,-1,-1,-1,-1,-1,-1,-1,-1,-1,-1,0,-1,-1,-1,-1,-1,-1,-1,-1,-1,-1,-1,-1,-1,-1,-1,-1,-1,-1,-1,-1,-1,0,-1,-1,-1,-1,-1,-1,-1,-1,-1,-1,-1,-1,-1,-1,-1,-1,-1,-1,-1,-1,-1,-1,-1,-1,-4,-4,-4,-4,-4,-4,-4,-4,-4,-4,-4,-4,-4,-4,-4,-4,-4,-4,-4,-1,-1,-3,-2,-5,-2,-1,-5,-5,,,,
8974732,0,0,0,0,653,696,628,658,711,633,55,1,648,495,79,368,461,578,594,NULL,5,737,741,650,721,-3,-3,-3,-3,-3,-3,-3,-3,-9,0,-5,-5,-5,-1,-1,-1,-1,-1,-1,-1,-1,31,60,43,182,96,91,54,210,208,0,0,11,12,1,11,40,16,0,0,0,9,0,53,29,134,503,986,210,8,577,558,2,43,25,29,100,88,31,60,43,182,96,91,54,210,208,0,0,11,12,1,11,40,16,0,0,0,9,0,53,29,134,503,986,210,8,577,558,2,43,25,29,100,88,-2,-2,-2,-2,-2,-2,-2,-2,-2,-2,-2,-2,-2,-2,-2,-2,-2,-2,-2,-2,-2,-2,-2,-2,-2,-2,-2,-2,-2,-2,-2,-2,-2,-2,-2,-2,-2,11,3,3,1,1,3,127,0,2,2,2,3250,3250,2,67,67,764,1165,1165,36,36,388,388,999,0,1311,1311,100,9,2,0,-3,0,0,-3,127,80,-3,-3,-3,-3,-3,-3,-3,-3,-3,-3,-3,999,72,-3,0,5,2,2,0,0,2,122,86,2,2,2,1250,2,100,100,764,1165,93,583,999,0,85,-2,85,1165,625,583,91,0,0,0,0,0,0,-1,-1,-1,-1,-1,-1,-1,-1,-1,-1,-1,-1,-1,-1,-1,-1,-1,-1,-1,-1,-1,5,2,2,0,0,2,122,86,2,2,2,1250,2,100,100,764,1165,93,583,999,0,1165,0,0,-1,-1,-1,-1,-1,-1,0,-1,-1,-1,-1,-1,-1,2,0,-3,0,0,-3,127,80,-3,-3,-3,-3,-3,-3,-3,-3,-3,-3,-3,999,-3,0,0,-1,-1,-1,-1,-1,-1,-1,-1,-1,-1,-1,-1,-1,-1,-1,-1,-1,-1,-1,-1,-1,0,0,-1,0,0,-1,0,-1,7,0,-1,0,-1,0,-1,0,0,0,0,0,0,0,0,0,0,0,0,-4,-4,-4,0,-4,-4,56,100,2085,654,2085,654,56,0,56,100,-1,-1,-1,-1,-4,-4,-4,-4,0,0,0,0,0,0,0,0,0,0,0,0,0,0,0,0,0,0,-1,-1,0,0,0,-1,-1,-1,-1,-1,0,-4,-1,-4,-4,-4,-4,0,0,0,0,0,0,1,1,1,1,1,1,1,1,-1,-1,1,1,-1,-1,-1,-1,-4,-4,-4,0,-1,-1,-1,-1,-1,-1,-1,-1,-1,-1,-1,-1,-1,-1,-1,-1,-1,-1,-1,-1,-1,0,-1,-1,-1,-1,-1,-1,-1,-1,-1,-1,-1,-1,-1,-1,-1,-1,-1,-1,-1,-1,-1,3,0,-3,0,0,-3,127,80,-3,-3,-3,-3,-3,-3,-3,-3,-3,-3,-3,999,-3,0,0,-1,-1,-1,-1,-1,-1,-1,-1,-1,-1,-1,0,-1,-1,-1,-1,-1,-1,-1,-1,-1,-1,-1,0,-1,-1,-1,-1,-1,-1,-1,-1,-1,-1,-1,-1,-1,-1,0,-1,-1,-1,-1,-1,-1,-1,-1,-1,-1,-1,-1,-1,-1,-1,-1,-1,-1,-1,-1,-1,-1,-1,-1,-1,-1,-1,1,0,-3,0,0,-3,95,95,-3,-3,-3,-3,-3,-3,-3,-3,-3,-3,-3,999,-3,-2,0,-1,-1,-1,-1,-1,-1,-1,-1,-1,-1,-1,-1,-1,-1,-1,-1,-1,-1,-1,-1,-1,8,3,3,1,1,3,122,0,2,2,2,3250,2,67,67,764,1165,36,388,999,0,1311,1083,0,-1,-1,-1,-1,-1,-1,-1,3,1,1,1,1,1,78,0,-6,-6,-6,2000,0,0,0,0,0,0,0,999,0,146,146,89,2,999,999,-4,-4,0,-4,-4,-4,-4,-4,-4,0,-1,-1,-1,-1,-1,-1,-1,-1,-1,-1,-1,-1,-1,-1,-1,-1,-1,-1,-1,-1,-1,-1,-1,0,-1,-1,56,-1,-1,-3,-1,56,-4,-4,-4,-4,-1,364,-1,-4,-4,-4,-4,-4,-4,-4,-4,-4,-4,-4,-1,-1,0,0,-1,-1,-1,-1,-1,-1,-1,-1,-1,-1,-1,-1,-1,-1,-1,-1,-1,-1,-1,-1,-1,1,0,-3,0,0,-3,95,95,-3,-3,-3,-3,-3,-3,-3,-3,-3,-3,-3,999,-3,-2,3,0,-3,127,80,-3,0,-3,0,3,0,0,999,-5,-5,0,-5,0,0,0,0,0,0,0,0,-4,-4,-4,-4,-4,-4,-4,-4,-4,-4,-4,-4,-4,-4,-4,-4,-4,-4,-4,-1,-1,-3,56,100,56,-5,56,100,,,,
2765083,0,0,0,0,644,680,590,700,604,586,97,7,763,484,76,565,473,631,641,728,0,824,737,784,764,8.35,NULL,NULL,NULL,NULL,NULL,NULL,NULL,24.4,35,-9,16.1,-9,-3,-3,-3,-3,-3,-3,-3,-3,311,859,221,514,1741,880,702,612,1544,218,438,208,67,2,673,130,201,155,38,558,1596,71,954,306,1391,4526,8248,1741,5,174,187,9,30,42,20,86,33,577,987,559,736,2069,998,746,612,1544,218,609,535,67,2,907,130,201,155,40,742,1596,74,1008,351,2123,5926,10190,2069,5,193,218,13,25,39,24,46,19,266,128,338,222,328,118,44,0,0,0,171,327,0,0,234,0,0,0,2,184,0,3,54,45,732,1400,1942,338,3,372,313,30,0,29,41,100,100,39,10,10,0,4,10,370,7,10,9,7,34256,34256,4,10,10,18404,18685,18685,55,55,1869,1869,0,0,19075,19075,100,10,3,1,1,0,1,1,148,22,1,1,-6,24156,1,100,100,18404,18404,76,18404,999,72,0,18404,14,5,5,0,1,5,370,7,5,4,4,7700,3,0,0,175,281,4,56,0,0,7419,0,7419,671,1540,168,4,5,26,5,0,77,2,0,-3,0,0,-3,138,43,-3,-3,-3,-3,-3,-3,-3,-3,-3,-3,-3,999,-3,-2,19,7,7,0,1,7,370,7,7,6,6,8800,3,0,0,175,281,3,40,0,0,671,1,1,0,1,23,390,-2,390,0,-1,-1,-1,-1,-1,-1,4,1,1,0,1,1,148,22,1,1,-6,24156,1,100,100,18404,18404,76,18404,999,0,18404,1,0,-3,0,0,-3,37,37,-3,-3,-3,-3,-3,-3,-3,-3,-3,-3,-3,999,-3,-2,1,2,-2,1,1,-2,0,-2,15,18,0,13,0,6,0,46,1,1,1,9,1,1,7,0,0,5,0,-4,-4,-4,0,2,17,564,100,9819,0,9819,0,564,-2,911,100,39,-2,390,0,-4,-4,-4,-4,0,77,0,1,0,1,1,1,1,1,0,0,0,0,0,0,0,0,7,4,6,0,5,390,-1,-1,-1,-1,10,0,0,1,2,1,0,18,1,9,13,1,7,3,5,3,5,1,2,1,1,-2,1,3,9,-2,1,-2,1,6,1,2,1,0,-3,0,0,-3,90,90,-3,-3,-3,-3,-3,-3,-3,-3,-3,-3,-3,999,-3,-2,1,0,-3,0,0,-3,209,209,-3,-3,-3,-3,-3,-3,-3,-3,-3,-3,-3,999,-3,-2,9,1,1,0,1,1,206,22,1,1,-6,24156,1,100,100,18404,18404,76,18404,27,0,18404,0,-1,-1,-1,-1,-1,-1,-1,-1,-1,-1,-1,0,-1,-1,-1,-1,-1,-1,-1,-1,-1,-1,-1,0,-1,-1,-1,-1,-1,-1,-1,-1,-1,-1,-1,-1,-1,-1,2,0,-3,0,0,-3,270,90,-3,-3,-3,-3,-3,-3,-3,-3,-3,-3,-3,-3,-3,999,0,-3,-2,-1,-1,-1,2,0,-3,0,0,-3,39,39,-3,-3,-3,-3,-3,-3,-3,-3,-3,-3,-3,14,-3,-2,1,0,-3,0,0,-3,93,93,-3,-3,-3,-3,-3,-3,-3,-3,-3,-3,-3,999,-3,-2,26,9,9,0,3,9,370,7,9,8,7,10100,3,0,0,175,281,3,31,0,0,671,1122,0,-1,-1,-1,-1,-1,-1,-1,8,4,4,0,2,4,238,15,4,4,3,2400,0,0,0,0,0,0,0,23,0,0,0,99,0,0,14,-4,-4,0,-4,-4,-4,-4,-4,1,2,0,-3,-1,0,0,-3,206,206,-3,-3,-3,-3,-3,-3,-3,-3,-3,-3,-3,999,-1,0,-3,0,-5,-2,564,-3,-2,428,-3,136,-4,-4,-4,-4,-1,496,-1,-4,-4,-4,-4,1,0,0,0,0,0,1,0,0,1,1,0,-3,0,0,-3,138,138,-3,-3,-3,-3,-3,-3,-3,-3,-3,-3,-3,999,-3,-2,3,0,-3,0,0,-3,77,39,-3,-3,-3,-3,-3,-3,-3,-3,-3,-3,-3,27,-3,-2,9,0,-3,270,77,-3,-2,-3,3,5,0,0,999,-2,0,0,-5,0,0,0,0,0,0,0,0,0,0,0,1,-1,-1,-1,0,0,0,1,1,0,0,0,1,22,7,22,48,-3,-3,564,100,564,-2,564,100,,,,
1141203,0,0,0,0,702,715,750,690,732,603,96,31,678,504,225,455,520,584,708,698,4,791,792,653,771,3.29,NULL,NULL,NULL,NULL,NULL,NULL,NULL,12.9,24.3,-5,-5,-5,11.48,NULL,NULL,NULL,NULL,NULL,NULL,NULL,486,791,574,412,378,321,409,727,9200,1819,304,554,5961,442,931,274,506,673,596,896,514,478,869,290,1851,2962,15975,9200,9,129,25,32,55,5,8,51,75,557,822,722,733,2474,596,526,783,9290,1821,433,560,6188,609,985,614,558,816,661,1020,617,596,977,688,2101,5904,19317,9290,9,135,27,29,48,14,9,45,62,71,31,148,321,2096,275,117,56,90,2,129,6,227,167,54,340,52,143,65,124,103,118,108,398,250,2942,3342,2096,5,176,56,10,4,71,14,100,40,32,8,8,1,3,8,427,6,8,6,5,283110,76110,7,63,25,202670,247645,44975,87,59,30956,6425,53,0,247645,44975,100,9,9,1,1,0,0,1,159,35,1,1,1,25711,1,100,0,15433,15433,60,15433,999,72,0,15433,5,2,2,0,0,2,427,84,2,2,2,17500,2,100,0,7208,10891,62,5446,999,0,6609,-2,6609,10891,8750,5446,62,0,0,0,0,0,13,1,1,0,1,1,159,14,1,1,-6,22689,1,100,100,17711,17711,78,17711,999,0,17711,5,1,1,0,0,1,427,32,1,1,1,11000,1,100,0,7208,7208,66,7208,999,0,7208,0,0,-1,-1,-1,-1,-1,-1,0,-1,-1,-1,-1,-1,-1,1,0,-3,0,0,-3,79,79,-3,-3,-3,-3,-3,-3,-3,-3,-3,-3,-3,53,-3,-2,1,1,1,1,1,1,6,6,1,-6,-6,3000,1,0,0,209,209,7,209,999,0,209,0,0,0,0,0,0,0,0,11,1,0,0,0,0,0,3,0,0,0,0,0,0,0,0,0,0,0,-4,-4,-4,0,6,11,2472,100,15879,-2,15879,-2,621,1851,2472,25,-1,-1,-1,-1,-4,-4,-4,-4,0,0,0,0,0,0,0,0,0,0,0,0,0,0,0,0,0,0,-2,-1,0,0,0,-1,-1,-1,-1,-1,2,0,-1,1,2,1,0,1,0,0,0,0,0,1,1,1,1,1,2,1,1,1,1,1,2,-2,1,-1,-1,2,1,2,0,-1,-1,-1,-1,-1,-1,-1,-1,-1,-1,-1,-1,-1,-1,-1,-1,-1,-1,-1,-1,-1,2,0,-3,0,0,-3,42,32,-3,-3,-3,-3,-3,-3,-3,-3,-3,-3,-3,999,-3,-2,16,2,2,0,1,2,159,14,2,2,1,48400,2,100,50,17711,33144,68,16572,53,0,33144,0,-1,-1,-1,-1,-1,-1,-1,-1,-1,-1,-1,0,-1,-1,-1,-1,-1,-1,-1,-1,-1,-1,-1,0,-1,-1,-1,-1,-1,-1,-1,-1,-1,-1,-1,-1,-1,-1,6,1,1,0,1,1,161,9,1,-6,-6,207000,1,100,100,202670,202670,98,-0.5,-3,202670,999,0,0,202670,-1,-1,-1,4,2,2,0,0,2,377,35,2,2,2,32211,2,100,0,15433,19116,59,9558,999,0,19116,2,1,1,0,0,1,427,84,1,1,1,11000,1,100,0,7208,7208,66,7208,999,0,7208,10,5,5,1,1,5,427,6,5,4,4,27710,4,40,0,7208,11831,43,2366,999,0,11831,5542,0,-1,-1,-1,-1,-1,-1,-1,3,3,3,1,1,3,424,6,3,2,2,10210,2,0,0,731,940,9,313,999,0,940,731,130,2,999,999,-4,-4,0,-4,-4,-4,-4,-4,1,2,0,-3,-1,0,0,-3,114,102,-3,-3,-3,-3,-3,-3,-3,-3,-3,-3,-3,999,-1,0,-3,0,-5,-2,2472,-1,-2,986,1174,312,-4,-4,-4,-4,-1,411,-1,-4,-4,-4,-4,0,0,1,1,0,0,1,0,0,0,4,1,1,0,1,1,138,14,1,1,-6,22689,1,100,100,17711,17711,78,17711,999,0,17711,1,0,-3,0,0,-3,79,79,-3,-3,-3,-3,-3,-3,-3,-3,-3,-3,-3,53,-3,-2,15,6,6,424,9,257421,229725,89,7,8,75,0,999,-5,-5,0,0,0,0,0,0,0,0,0,0,0,0,1,1,0,1,1,1,0,0,1,1,-1,-1,-1,0,6,11,-1,48,-3,-3,2472,100,621,1851,2472,25,,,,
4102045,0,0,0,0,643,643,596,603,699,664,44,15,629,457,83,380,NULL,NULL,522,NULL,0,714,741,587,699,-1,-1,-1,-1,-1,-1,-1,-1,-1,-1,-1,-1,-1,-1,-1,-1,-1,-1,-1,-1,-1,-1,-1,-1,-1,-1,-1,-1,-1,-1,-1,-1,-1,-1,-1,-1,-1,-1,-1,-1,-1,-1,-1,-1,-1,-1,-1,-1,-1,-1,-1,-1,-1,-1,-1,-1,-1,-1,-2,0,0,0,0,0,0,0,0,0,0,0,0,0,-2,-2,-2,-2,-2,-2,-2,0,0,0,0,0,0,0,-9,-9,-9,-9,-9,-9,-9,-2,-2,-2,0,0,0,0,0,0,0,0,0,0,0,0,0,-2,-2,-2,-2,-2,-2,-2,0,0,0,0,0,0,0,-9,-9,-9,-9,-9,-9,-9,-2,-2,8,1,1,0,1,1,140,14,1,1,1,54200,-3,1,0,0,13895,13895,-3,26,-3,13895,-3,999,0,13895,0,100,13,0,-1,-1,-1,-1,-1,-1,-1,-1,-1,-1,-1,-1,-1,-1,-1,-1,-1,-1,-1,-1,-1,-1,0,-1,-1,-1,-1,-1,-1,-1,-1,-1,-1,-1,-1,-1,-1,-1,-1,-1,-1,-1,-1,-1,-1,-1,-1,-1,-1,-1,-1,-1,-1,-1,-1,0,-1,-1,-1,-1,-1,-1,-1,-1,-1,-1,-1,-1,-1,-1,-1,-1,-1,-1,-1,-1,-1,0,-1,-1,-1,-1,-1,-1,-1,-1,-1,-1,-1,-1,-1,-1,-1,-1,-1,-1,-1,-1,-1,-1,0,-1,-1,-1,-1,-1,-1,0,-1,-1,-1,-1,-1,-1,1,0,-3,0,0,-3,47,47,-3,-3,-3,-3,-3,-3,-3,-3,-3,-3,-3,999,-3,0,3,0,-3,0,1,-3,70,14,-3,-3,-3,-3,-3,-3,-3,-3,-3,-3,-3,999,-3,0,0,0,0,0,0,0,0,0,4,0,0,0,0,0,0,0,0,0,0,0,0,0,0,0,0,0,0,-4,-4,-4,0,14,-1,554,100,-3,-5,-3,-5,554,-1,554,100,-1,-1,-1,-1,-4,-4,-4,-4,0,0,0,0,-1,-1,0,0,-1,-1,0,0,-1,-1,0,0,-1,-1,-1,-1,0,0,0,-1,-3,-3,-1,-1,1,0,-1,0,0,0,-1,0,0,0,0,0,0,-1,-1,1,1,1,1,-1,-1,1,1,1,1,-1,-1,-1,-1,1,0,0,0,-1,-1,-1,-1,-1,-1,-1,-1,-1,-1,-1,-1,-1,-1,-1,-1,-1,-1,-1,-1,-1,0,-1,-1,-1,-1,-1,-1,-1,-1,-1,-1,-1,-1,-1,-1,-1,-1,-1,-1,-1,-1,-1,1,0,-3,0,0,-3,47,47,-3,-3,-3,-3,-3,-3,-3,-3,-3,-3,-3,999,-3,0,0,-1,-1,-1,-1,-1,-1,-1,-1,-1,-1,-1,0,-1,-1,-1,-1,-1,-1,-1,-1,-1,-1,-1,0,-1,-1,-1,-1,-1,-1,-1,-1,-1,-1,-1,-1,-1,-1,1,1,1,0,0,1,140,140,1,1,1,54200,1,0,0,13895,13895,26,26,26,13895,999,0,0,13895,-1,-1,-1,0,-1,-1,-1,-1,-1,-1,-1,-1,-1,-1,-1,-1,-1,-1,-1,-1,-1,-1,-1,-1,-1,0,-1,-1,-1,-1,-1,-1,-1,-1,-1,-1,-1,-1,-1,-1,-1,-1,-1,-1,-1,-1,-1,6,0,-3,0,1,-3,117,14,-3,-3,-3,-3,-3,-3,-3,-3,-3,-3,-3,999,-3,0,-3,0,-1,-1,-1,-1,-1,-1,-1,6,0,-3,0,1,-3,117,14,-3,-3,-3,-3,-3,-3,-3,-3,-3,-3,-3,999,-3,0,0,77,-3,999,999,-4,-4,0,-4,-4,-4,-4,-4,0,0,-1,-1,-1,-1,-1,-1,-1,-1,-1,-1,-1,-1,-1,-1,-1,-1,-1,-1,-1,-1,-1,-1,-1,0,-1,-1,554,-1,-1,-3,554,0,-4,-4,-4,-4,-1,402,-1,-4,-4,-4,-4,0,-1,-1,-1,-1,-1,-1,-1,-1,0,0,-1,-1,-1,-1,-1,-1,-1,-1,-1,-1,-1,-1,-1,-1,-1,-1,-1,-1,-1,-1,-1,1,0,-3,0,0,-3,47,47,-3,-3,-3,-3,-3,-3,-3,-3,-3,-3,-3,999,-3,0,0,-1,-1,-1,-1,-1,-1,-1,-1,-1,-1,-1,-1,-1,-1,-1,-1,-1,-1,-1,-1,-1,-1,-1,-1,-1,-1,-1,0,-1,-1,-1,0,-1,-1,-1,0,-1,-1,-1,0,-1,-1,-1,-1,-1,-3,554,100,554,-1,554,100,,,,
7800954,0,0,0,0,812,823,752,716,843,787,150,0,669,426,129,463,378,314,638,NULL,1,778,773,646,759,-3,-3,-3,-3,-3,-3,-3,-3,-9,-9,-9,-9,-5,-3,-3,-3,-3,-3,-3,-3,-3,10710,4031,1956,9207,14223,4515,6246,4640,4995,6426,4598,5835,4740,3935,5177,13791,9536,5922,4791,5368,5118,7318,5500,5634,16697,44642,77382,14223,5,101,121,21,22,35,21,100,100,10710,4031,1956,9207,14223,4515,6246,4640,4995,6426,4598,5835,4740,3935,5177,13791,16014,5922,4791,5368,5118,7318,5500,5634,16697,44642,77382,14223,5,93,121,21,22,35,21,100,100,0,0,0,0,0,0,0,0,0,0,0,0,0,0,0,82,7053,0,81,576,0,0,25181,0,0,0,0,0,-9,0,-9,-9,-9,-9,-9,-9,-9,21,6,6,0,2,6,233,17,6,6,5,95500,95500,1,0,0,880,880,880,1,1,147,147,999,0,880,880,100,10,3,0,-3,0,0,-3,124,27,-3,-3,-3,-3,-3,-3,-3,-3,-3,-3,-3,999,48,-3,-2,8,4,4,0,0,4,233,48,4,4,4,83000,1,0,0,880,880,1,220,999,0,82120,-2,82120,880,20750,880,2,0,0,0,0,0,2,0,-3,0,1,-3,116,23,-3,-3,-3,-3,-3,-3,-3,-3,-3,-3,-3,999,-3,-2,9,5,5,0,1,5,233,17,5,5,4,90500,1,0,0,880,880,1,176,999,0,880,0,0,-1,-1,-1,-1,-1,-1,0,-1,-1,-1,-1,-1,-1,1,0,-3,0,0,-3,64,64,-3,-3,-3,-3,-3,-3,-3,-3,-3,-3,-3,999,-3,-2,1,1,1,0,0,1,57,57,1,1,1,5000,0,0,0,0,0,0,0,999,0,0,0,0,-2,0,0,-2,0,-2,11,0,0,0,0,0,0,0,0,0,0,0,0,0,0,0,0,0,0,-4,-4,-4,0,23,23,28,100,94620,-2,94620,-5,28,-2,28,100,-1,-1,-1,-1,-4,-4,-4,-4,0,0,0,0,0,0,0,0,0,0,0,0,0,0,0,0,0,0,-1,-1,0,0,0,-1,-3,-3,-1,-1,1,0,-1,0,0,1,0,0,0,0,0,0,0,1,1,1,1,-2,1,-2,1,-2,1,1,1,-1,-1,-2,1,1,0,0,1,0,-3,0,0,-3,116,116,-3,-3,-3,-3,-3,-3,-3,-3,-3,-3,-3,999,-3,-2,0,-1,-1,-1,-1,-1,-1,-1,-1,-1,-1,-1,-1,-1,-1,-1,-1,-1,-1,-1,-1,-1,8,0,-3,0,1,-3,127,23,-3,-3,-3,-3,-3,-3,-3,-3,-3,-3,-3,999,-3,-2,0,-1,-1,-1,-1,-1,-1,-1,-1,-1,-1,-1,0,-1,-1,-1,-1,-1,-1,-1,-1,-1,-1,-1,0,-1,-1,-1,-1,-1,-1,-1,-1,-1,-1,-1,-1,-1,-1,2,0,-3,0,0,-3,135,100,-3,-3,-3,-3,-3,-3,-3,-3,-3,-3,-3,-3,-3,999,0,-3,-2,-1,-1,-1,5,0,-3,0,0,-3,127,27,-3,-3,-3,-3,-3,-3,-3,-3,-3,-3,-3,999,-3,-2,5,4,4,0,0,4,233,48,4,4,4,83000,1,0,0,880,880,1,220,999,0,880,11,6,6,0,1,6,233,17,6,6,5,95500,1,0,0,880,880,1,147,999,0,880,15917,0,-1,-1,-1,-1,-1,-1,-1,3,2,2,0,1,2,57,17,2,2,1,12500,0,0,0,0,0,0,0,999,0,0,0,94,0,999,999,-4,-4,0,-4,-4,-4,-4,-4,-1,0,-1,-1,-1,-1,-1,-1,-1,-1,-1,-1,-1,-1,-1,-1,-1,-1,-1,-1,-1,-1,-1,-1,-1,0,-1,-1,28,-3,-1,-3,-3,28,-4,-4,-4,-4,-1,474,-1,-4,-4,-4,-4,0,-1,-1,-1,-1,-1,-1,-1,-1,0,1,0,-3,0,0,-3,64,64,-3,-3,-3,-3,-3,-3,-3,-3,-3,-3,-3,999,-3,-2,3,0,-3,0,1,-3,127,23,-3,-3,-3,-3,-3,-3,-3,-3,-3,-3,-3,999,-3,-2,1,0,-3,100,100,-3,-2,-3,0,1,0,0,999,-2,-5,0,-3,0,0,0,0,0,0,0,0,0,0,0,1,-1,-1,-1,0,-1,-1,-1,0,-1,-1,-1,0,-1,-1,-1,120,-1,-3,28,100,28,-2,28,100,,,,
4500532,0,0,0,0,779,769,680,632,803,762,49,12,601,354,71,357,NULL,158,484,NULL,7,753,738,617,731,-1,-1,-1,-1,-1,-1,-1,-1,-9,-9,-9,-5,-5,-1,-1,-1,-1,-1,-1,-1,-1,73,0,79,0,357,0,119,0,0,0,0,0,0,1329,232,0,0,0,0,0,0,0,0,0,152,509,628,357,5,40,10,0,0,86,14,100,100,73,0,79,0,357,0,119,0,0,0,0,0,0,1329,232,0,0,0,0,0,0,0,0,0,152,509,628,357,5,40,10,0,0,86,14,100,100,-2,-2,0,0,0,0,0,0,0,0,0,0,0,0,0,0,0,0,0,0,0,0,0,0,0,0,0,0,-9,-9,-9,-9,-9,-9,-9,-2,-2,10,4,4,0,0,4,250,30,4,4,4,52501,9501,2,25,0,25010,25154,144,48,2,6289,48,999,0,25154,144,100,0,0,-1,-1,-1,-1,-1,-1,-1,-1,-1,-1,-1,-1,-1,-1,-1,-1,-1,-1,-1,-1,-1,-1,5,3,3,0,0,3,234,76,3,3,3,9501,1,0,0,144,144,2,48,999,0,9357,-2,9357,144,3167,144,1,0,0,0,0,0,0,-1,-1,-1,-1,-1,-1,-1,-1,-1,-1,-1,-1,-1,-1,-1,-1,-1,-1,-1,-1,-1,6,3,3,0,0,3,234,76,3,3,3,9501,1,0,0,144,144,2,48,999,0,144,0,0,-1,-1,-1,-1,-1,-1,0,-1,-1,-1,-1,-1,-1,0,-1,-1,-1,-1,-1,-1,-1,-1,-1,-1,-1,-1,-1,-1,-1,-1,-1,-1,-1,-1,-1,0,-1,-1,-1,-1,-1,-1,-1,-1,-1,-1,-1,-1,-1,-1,-1,-1,-1,-1,-1,-1,-1,0,0,0,0,0,0,0,0,6,0,0,0,0,0,0,0,0,0,0,0,0,0,0,0,0,0,0,-4,-4,-4,0,-4,-4,500,100,9357,-5,9357,-5,500,-1,500,100,-1,-1,-1,-1,-4,-4,-4,-4,-1,0,0,0,0,0,0,0,0,0,0,0,0,0,0,0,0,0,-1,-1,0,0,0,-1,-3,-3,-3,-3,0,-4,-1,-4,-4,-4,-4,0,0,0,0,0,0,1,1,1,1,-1,-1,-1,-1,1,1,1,1,-1,-1,-1,-1,-4,-4,-4,0,-1,-1,-1,-1,-1,-1,-1,-1,-1,-1,-1,-1,-1,-1,-1,-1,-1,-1,-1,-1,-1,0,-1,-1,-1,-1,-1,-1,-1,-1,-1,-1,-1,-1,-1,-1,-1,-1,-1,-1,-1,-1,-1,0,-1,-1,-1,-1,-1,-1,-1,-1,-1,-1,-1,-1,-1,-1,-1,-1,-1,-1,-1,-1,-1,0,-1,-1,-1,-1,-1,-1,-1,-1,-1,-1,-1,0,-1,-1,-1,-1,-1,-1,-1,-1,-1,-1,-1,0,-1,-1,-1,-1,-1,-1,-1,-1,-1,-1,-1,-1,-1,-1,2,1,1,0,0,1,250,250,1,1,1,43000,1,100,0,25010,25010,58,58,58,25010,999,0,0,25010,-1,-1,-1,0,-1,-1,-1,-1,-1,-1,-1,-1,-1,-1,-1,-1,-1,-1,-1,-1,-1,-1,-1,-1,-1,0,-1,-1,-1,-1,-1,-1,-1,-1,-1,-1,-1,-1,-1,-1,-1,-1,-1,-1,-1,-1,-1,8,3,3,0,0,3,234,30,3,3,3,9501,1,0,0,144,144,2,48,999,0,144,3167,0,-1,-1,-1,-1,-1,-1,-1,3,0,-3,0,0,-3,114,30,-3,-3,-3,-3,-3,-3,-3,-3,-3,-3,-3,999,-3,0,0,138,0,999,999,-4,-4,0,-4,-4,-4,-4,-4,-4,0,-1,-1,-1,-1,-1,-1,-1,-1,-1,-1,-1,-1,-1,-1,-1,-1,-1,-1,-1,-1,-1,-1,-1,0,-1,-1,500,-1,-1,-1,475,25,-4,-4,-4,-4,-1,433,-1,-4,-4,-4,-4,-4,-4,-4,-4,-4,-4,-4,-1,-1,0,0,-1,-1,-1,-1,-1,-1,-1,-1,-1,-1,-1,-1,-1,-1,-1,-1,-1,-1,-1,-1,-1,0,-1,-1,-1,-1,-1,-1,-1,-1,-1,-1,-1,-1,-1,-1,-1,-1,-1,-1,-1,-1,-1,0,-1,-1,-1,-1,-1,-1,-1,-1,-1,-1,-1,-1,-1,-1,-1,-1,-1,-1,-1,-1,-1,-1,-1,-1,-4,-4,-4,-4,-4,-4,-4,-4,-4,-4,-4,-4,-4,-4,-4,-4,-4,-4,-4,-1,-1,-3,500,100,500,-1,500,100,,,,
3047366,0,0,0,0,635,613,584,606,724,651,35,0,684,398,124,679,NULL,552,673,NULL,5,707,736,617,740,-1,-1,-1,-1,-1,-1,-1,-1,-9,-5,-5,-5,-5,-1,-1,-1,-1,-1,-1,-1,-1,0,754,40,0,0,42,26,59,283,0,172,12,0,21,353,35,420,686,107,400,293,400,454,328,794,836,1388,754,2,40,212,13,25,5,57,-9,54,0,754,40,0,0,42,26,59,283,0,172,12,0,21,353,35,420,686,107,400,293,400,454,328,794,836,1388,754,2,40,212,13,25,5,57,-9,54,-1,-1,-1,-1,-1,-1,-1,-1,-1,-1,-1,-1,-1,-1,-1,-1,-1,-1,-1,-1,-1,-1,-1,-1,-1,-1,-1,-1,-1,-1,-1,-1,-1,-1,-1,-1,-1,3,2,2,1,1,2,29,4,2,2,2,1400,1400,0,0,0,0,0,0,0,0,0,0,999,0,3,3,100,33,0,-1,-1,-1,-1,-1,-1,-1,-1,-1,-1,-1,-1,-1,-1,-1,-1,-1,-1,-1,-1,-1,-1,3,2,2,1,1,2,29,4,2,2,2,1400,0,0,0,0,0,0,0,999,0,1400,997,1400,3,700,3,0,0,0,0,0,0,0,-1,-1,-1,-1,-1,-1,-1,-1,-1,-1,-1,-1,-1,-1,-1,-1,-1,-1,-1,-1,-1,3,2,2,1,1,2,29,4,2,2,2,1400,0,0,0,0,0,0,0,999,0,3,0,0,-1,-1,-1,-1,-1,-1,0,-1,-1,-1,-1,-1,-1,0,-1,-1,-1,-1,-1,-1,-1,-1,-1,-1,-1,-1,-1,-1,-1,-1,-1,-1,-1,-1,-1,0,-1,-1,-1,-1,-1,-1,-1,-1,-1,-1,-1,-1,-1,-1,-1,-1,-1,-1,-1,-1,-1,0,0,-1,0,0,-1,0,-1,3,0,-1,0,-1,0,-1,0,0,0,0,0,0,0,0,0,0,0,0,-4,-4,-4,0,0,0,3,100,1400,997,1400,997,3,-1,3,100,-1,-1,-1,-1,0,0,0,0,0,0,0,0,0,0,0,0,0,0,0,0,0,0,0,0,0,0,-1,-1,1,0,1,-1,-1,-1,-1,-1,9,2,-1,2,2,7,2,1,0,1,1,0,1,1,1,1,1,-1,-1,-1,-1,-1,-1,1,1,-1,-1,-1,-1,7,1,1,0,-1,-1,-1,-1,-1,-1,-1,-1,-1,-1,-1,-1,-1,-1,-1,-1,-1,-1,-1,-1,-1,0,-1,-1,-1,-1,-1,-1,-1,-1,-1,-1,-1,-1,-1,-1,-1,-1,-1,-1,-1,-1,-1,0,-1,-1,-1,-1,-1,-1,-1,-1,-1,-1,-1,-1,-1,-1,-1,-1,-1,-1,-1,-1,-1,0,-1,-1,-1,-1,-1,-1,-1,-1,-1,-1,-1,0,-1,-1,-1,-1,-1,-1,-1,-1,-1,-1,-1,0,-1,-1,-1,-1,-1,-1,-1,-1,-1,-1,-1,-1,-1,-1,0,-1,-1,-1,-1,-1,-1,-1,-1,-1,-1,-1,-1,-1,-1,-1,-1,-1,-1,-1,-1,-1,-1,-1,-1,-1,-1,-1,0,-1,-1,-1,-1,-1,-1,-1,-1,-1,-1,-1,-1,-1,-1,-1,-1,-1,-1,-1,-1,-1,0,-1,-1,-1,-1,-1,-1,-1,-1,-1,-1,-1,-1,-1,-1,-1,-1,-1,-1,-1,-1,-1,3,2,2,1,1,2,29,4,2,2,2,1400,0,0,0,0,0,0,0,999,0,3,700,0,-1,-1,-1,-1,-1,-1,-1,0,-1,-1,-1,-1,-1,-1,-1,-1,-1,-1,-1,-1,-1,-1,-1,-1,-1,-1,-1,-1,-1,-1,21,0,999,999,953,174,6,1,2,1,0,0,0,0,-1,-1,-1,-1,-1,-1,-1,-1,-1,-1,-1,-1,-1,-1,-1,-1,-1,-1,-1,-1,-1,-1,-1,0,-1,-1,3,-1,-1,-1,-1,3,-4,-4,-4,-4,-1,439,-1,11,23,0,-2,2,-1,-1,-1,0,0,0,-1,-1,1,0,-1,-1,-1,-1,-1,-1,-1,-1,-1,-1,-1,-1,-1,-1,-1,-1,-1,-1,-1,-1,-1,0,-1,-1,-1,-1,-1,-1,-1,-1,-1,-1,-1,-1,-1,-1,-1,-1,-1,-1,-1,-1,-1,0,-1,-1,-1,-1,-1,-1,-1,-1,-1,-1,-1,-1,-1,-1,-1,-1,-1,-1,-1,-1,-1,-1,-1,-1,1,1,1,5,-1,-1,-1,0,0,0,0,2,-1,-1,-1,0,-1,17,-1,-1,-1,-3,3,100,3,-1,3,100,,,,
2004397,0,0,0,0,807,822,720,742,784,713,129,19,602,366,127,483,402,389,650,NULL,7,788,776,661,777,3.75,NULL,NULL,NULL,NULL,NULL,NULL,NULL,-9,-5,-5,-5,-5,-1,-1,-1,-1,-1,-1,-1,-1,1155,374,1267,1079,66,40,697,223,325,41,1621,187,212,519,0,872,336,1551,331,238,520,910,252,9443,2796,3981,7075,1621,11,47,382,33,10,13,44,70,79,1155,374,1267,1096,66,40,697,223,325,41,1621,187,304,519,1,1889,336,1551,331,238,520,910,252,9443,2796,3998,7092,1621,11,44,339,34,9,13,44,70,79,-2,-2,-2,-2,-2,-2,-2,-2,-2,-2,-2,-2,-2,-2,-2,-2,-2,-2,-2,-2,-2,-2,-2,-2,-2,-2,-2,-2,-2,-2,-2,-2,-2,-2,-2,-2,-2,24,11,11,1,2,11,386,6,11,9,9,250156,118156,10,73,45,131011,203232,72221,81,61,18476,7222,999,0,203232,72221,100,8,5,1,1,0,1,1,99,7,1,-6,-6,14925,1,100,100,12305,12305,82,12305,999,36,0,12305,4,2,2,0,0,2,386,230,2,2,2,26900,2,0,0,2899,3245,12,1623,999,0,23655,-2,23655,3245,13450,1623,12,0,0,0,0,0,5,3,3,0,0,3,151,99,3,3,3,25331,3,100,100,8039,22723,90,7574,999,0,22723,7,3,3,0,0,3,386,90,3,3,3,27900,2,0,0,2899,3245,12,1082,999,0,3245,0,0,-1,-1,-1,-1,-1,-1,0,-1,-1,-1,-1,-1,-1,4,1,1,0,1,1,66,7,1,-6,-6,14925,1,100,100,12305,12305,82,12305,999,0,12305,0,-1,-1,-1,-1,-1,-1,-1,-1,-1,-1,-1,-1,-1,-1,-1,-1,-1,-1,-1,-1,-1,0,0,0,0,0,0,0,0,14,0,0,0,0,0,0,0,0,0,0,0,0,0,0,0,0,0,0,-4,-4,-4,0,7,7,1959,94,24655,-2,24655,-2,-5,1609,2081,0,-1,-1,-1,-1,-4,-4,-4,-4,0,0,0,0,0,0,0,0,0,0,0,0,0,0,0,0,0,0,-1,-1,0,0,0,-1,-1,-1,-1,-1,5,0,-1,0,3,1,0,0,0,0,0,0,0,1,1,1,1,1,1,1,1,1,1,1,1,-2,1,-1,-1,4,0,2,0,-1,-1,-1,-1,-1,-1,-1,-1,-1,-1,-1,-1,-1,-1,-1,-1,-1,-1,-1,-1,-1,1,0,-3,0,0,-3,135,135,-3,-3,-3,-3,-3,-3,-3,-3,-3,-3,-3,999,-3,-2,12,7,7,0,1,7,176,7,7,6,6,90256,7,100,57,14696,68976,76,9854,999,0,68976,0,-1,-1,-1,-1,-1,-1,-1,-1,-1,-1,-1,0,-1,-1,-1,-1,-1,-1,-1,-1,-1,-1,-1,0,-1,-1,-1,-1,-1,-1,-1,-1,-1,-1,-1,-1,-1,-1,5,1,1,1,1,1,220,6,1,-6,-6,132000,1,100,100,131011,131011,99,-0.5,-3,131011,999,0,0,131011,-1,-1,-1,0,-1,-1,-1,-1,-1,-1,-1,-1,-1,-1,-1,-1,-1,-1,-1,-1,-1,-1,-1,-1,-1,4,2,2,0,0,2,386,230,2,2,2,26900,2,0,0,2899,3245,12,1623,999,0,3245,7,3,3,0,0,3,386,90,3,3,3,27900,2,0,0,2899,3245,12,1082,999,0,3245,9300,0,-1,-1,-1,-1,-1,-1,-1,1,0,-3,0,0,-3,90,90,-3,-3,-3,-3,-3,-3,-3,-3,-3,-3,-3,999,-3,-2,0,146,0,999,999,-4,-4,0,-4,-4,-4,-4,-4,0,7,6,6,6,0,0,6,176,104,6,6,6,75331,6,100,50,14696,56671,75,9445,999,176,0,0,0,-5,56671,2081,-1,-2,1091,868,122,-4,-4,-4,-4,-1,399,-1,-4,-4,-4,-4,0,0,0,1,-1,-1,-1,6,0,3,0,-1,-1,-1,-1,-1,-1,-1,-1,-1,-1,-1,-1,-1,-1,-1,-1,-1,-1,-1,-1,-1,0,-1,-1,-1,-1,-1,-1,-1,-1,-1,-1,-1,-1,-1,-1,-1,-1,-1,-1,-1,-1,-1,15,6,6,245,6,186156,166385,89,2,13,55,0,999,-5,-5,0,3,0,0,0,0,0,0,0,0,0,0,1,1,-1,-1,-1,0,-1,-1,-1,0,0,0,1,1,7,-1,7,-1,-3,-3,1959,94,-5,1609,2081,0,,,,
1697933,0,0,0,0,789,795,765,674,796,679,128,18,657,454,98,495,459,523,635,NULL,2,788,790,668,790,-3,-3,-3,-3,-3,-3,-3,-3,-9,-9,-9,-5,-5,-1,-1,-1,-1,-1,-1,-1,-1,55,83,741,484,41,1743,0,0,0,0,361,0,484,1194,514,563,68,2029,364,209,385,324,403,67,879,3147,3508,1743,6,53,40,21,0,45,33,100,21,72,368,1144,528,68,1791,556,136,130,5,367,30,507,1282,999,588,91,2053,1444,1788,385,874,403,67,1584,3971,5195,1791,6,50,57,16,5,43,36,76,14,98,360,468,105,89,71,615,173,221,184,96,143,0,154,562,94,210,0,157,295,0,742,111,94,926,1191,2623,615,7,108,129,9,23,31,37,83,44,27,12,12,0,2,12,389,10,12,11,10,238481,111081,7,50,33,122034,174831,52797,73,48,14569,4800,999,0,174831,52797,100,7,2,0,-3,0,0,-3,113,91,-3,-3,-3,-3,-3,-3,-3,-3,-3,-3,-3,999,60,-3,-2,6,4,4,0,0,4,336,43,4,4,4,47524,1,25,25,10556,10556,22,2639,999,0,36968,-2,36968,10556,11881,10556,20,0,0,0,0,0,3,3,3,0,0,3,90,79,3,3,3,28726,3,67,67,11197,21142,74,7047,999,0,21142,6,4,4,0,0,4,336,43,4,4,4,47524,1,25,25,10556,10556,22,2639,999,0,10556,0,0,-1,-1,-1,-1,-1,-1,0,-1,-1,-1,-1,-1,-1,1,0,-3,0,0,-3,113,113,-3,-3,-3,-3,-3,-3,-3,-3,-3,-3,-3,999,-3,-2,1,1,1,0,1,1,23,23,1,1,-6,2000,0,0,0,0,0,0,0,999,0,0,0,0,0,0,0,0,0,0,17,0,0,0,0,0,0,0,0,0,0,0,0,0,0,0,0,0,0,-4,-4,-4,0,4,4,1712,89,42271,-5,42271,-5,0,1712,1924,0,-1,-1,-1,-1,-2,-1,0,-1,0,0,0,0,0,0,0,0,0,0,0,0,0,0,0,0,0,0,-1,-1,0,0,0,-1,-1,-1,-1,-1,3,0,-1,1,2,2,1,0,0,0,0,0,0,1,1,1,1,1,1,-2,1,1,1,1,1,-1,-1,-2,1,3,1,2,3,0,-3,0,0,-3,171,171,-3,-3,-3,-3,-3,-3,-3,-3,-3,-3,-3,999,-3,-2,0,-1,-1,-1,-1,-1,-1,-1,-1,-1,-1,-1,-1,-1,-1,-1,-1,-1,-1,-1,-1,-1,6,4,4,0,0,4,113,44,4,4,4,56057,4,75,50,18902,40044,71,10011,999,0,40044,0,-1,-1,-1,-1,-1,-1,-1,-1,-1,-1,-1,0,-1,-1,-1,-1,-1,-1,-1,-1,-1,-1,-1,0,-1,-1,-1,-1,-1,-1,-1,-1,-1,-1,-1,-1,-1,-1,5,1,1,0,1,1,214,10,1,-6,-6,127400,1,100,100,122034,122034,96,-0.5,-3,122034,999,0,0,122034,-1,-1,-1,4,2,2,0,0,2,389,44,2,2,2,31331,2,100,0,18902,21099,67,10550,999,0,21099,2,2,2,0,0,2,336,220,2,2,2,43000,1,50,50,10556,10556,25,5278,999,0,10556,13,7,7,0,1,7,389,23,7,7,6,55024,2,29,14,10556,12753,23,1822,999,0,12753,7861,0,-1,-1,-1,-1,-1,-1,-1,4,2,2,0,1,2,228,23,2,2,1,3500,0,0,0,0,0,0,0,999,0,0,0,120,2,999,999,165,-1,1,0,0,-1,0,-1,0,3,3,3,3,0,0,3,90,79,3,3,3,28726,3,67,67,11197,21142,74,7047,999,90,0,0,0,-5,21142,1924,-3,-1,758,910,256,-4,-4,-4,-4,-1,414,-1,45,-1,-2,-1,0,-1,-1,-1,-1,-1,-1,3,0,1,0,-1,-1,-1,-1,-1,-1,-1,-1,-1,-1,-1,-1,-1,-1,-1,-1,-1,-1,-1,-1,-1,1,1,1,0,0,1,44,44,1,1,1,27331,1,100,0,18902,18902,69,18902,999,0,18902,11,8,8,389,10,218957,164275,75,5,6,67,0,999,-5,-5,0,2,0,0,0,0,0,0,0,0,0,1,2,2,-1,-1,-1,0,-1,-1,-1,0,-1,-1,-1,0,-1,-1,-1,-1,-1,-3,1712,89,-5,1712,1924,0,,,,
4892585,0,0,0,0,612,674,580,595,716,617,42,1,681,504,60,392,NULL,579,617,NULL,5,708,702,645,706,-3,-3,-3,-3,-3,-3,-3,-3,-9,-5,-5,-5,-5,-1,-1,-1,-1,-1,-1,-1,-1,302,5,38,68,584,107,7,7,7,453,33,35,85,7,115,97,8,63,39,24,173,55,126,131,345,1104,1646,584,5,178,167,11,33,49,8,100,69,302,5,38,68,584,107,7,7,7,453,33,35,85,7,115,97,8,63,39,24,173,55,126,131,345,1104,1646,584,5,178,167,11,33,49,8,100,69,-2,-2,-2,-2,-2,-2,-2,-2,-2,-2,-2,-2,-2,-2,-2,-2,-2,-2,-2,-2,-2,-2,-2,-2,-2,-2,-2,-2,-2,-2,-2,-2,-2,-2,-2,-2,-2,11,3,3,0,0,3,79,29,3,3,3,3000,3000,1,33,0,327,327,327,11,11,109,109,15,0,327,327,100,0,1,0,-3,0,0,-3,46,46,-3,-3,-3,-3,-3,-3,-3,-3,-3,-3,-3,999,1,-3,-2,6,3,3,0,0,3,79,29,3,3,3,3000,1,33,0,327,327,11,109,15,0,2673,-2,2673,327,1000,327,22,3,6,9,0,0,0,-1,-1,-1,-1,-1,-1,-1,-1,-1,-1,-1,-1,-1,-1,-1,-1,-1,-1,-1,-1,-1,6,2,2,0,0,2,79,32,2,2,2,2500,0,0,0,0,0,0,0,15,0,0,0,3,0,2,19,560,-2,560,0,-1,-1,-1,-1,-1,-1,1,0,-3,0,0,-3,46,46,-3,-3,-3,-3,-3,-3,-3,-3,-3,-3,-3,999,-3,-2,1,0,-3,0,0,-3,46,46,-3,-3,-3,-3,-3,-3,-3,-3,-3,-3,-3,999,-3,-2,0,0,-1,0,0,-1,0,-1,3,5,-1,4,-1,4,-1,45,0,0,0,4,0,0,3,0,0,3,1,1,109,0,0,21,-1,25,100,2673,-2,2673,-2,25,-2,25,100,34,-2,560,0,-4,-4,-4,-4,-1,0,0,0,0,0,0,0,0,0,0,0,0,0,0,0,0,0,1,-2,5,0,3,560,-3,-3,-3,-3,1,0,0,0,0,0,-1,6,0,4,5,0,3,1,9,1,9,-2,1,-2,1,-1,-1,1,9,-1,-1,-1,-1,1,0,0,0,-1,-1,-1,-1,-1,-1,-1,-1,-1,-1,-1,-1,-1,-1,-1,-1,-1,-1,-1,-1,-1,0,-1,-1,-1,-1,-1,-1,-1,-1,-1,-1,-1,-1,-1,-1,-1,-1,-1,-1,-1,-1,-1,2,0,-3,0,0,-3,46,36,-3,-3,-3,-3,-3,-3,-3,-3,-3,-3,-3,999,-3,-2,0,-1,-1,-1,-1,-1,-1,-1,-1,-1,-1,-1,0,-1,-1,-1,-1,-1,-1,-1,-1,-1,-1,-1,0,-1,-1,-1,-1,-1,-1,-1,-1,-1,-1,-1,-1,-1,-1,0,-1,-1,-1,-1,-1,-1,-1,-1,-1,-1,-1,-1,-1,-1,-1,-1,-1,-1,-1,-1,-1,-1,-1,-1,-1,-1,-1,2,1,1,0,0,1,36,29,1,1,1,500,1,100,0,327,327,65,327,24,0,327,0,-1,-1,-1,-1,-1,-1,-1,-1,-1,-1,-1,-1,-1,-1,-1,-1,-1,-1,-1,-1,-1,9,3,3,0,0,3,79,29,3,3,3,3000,1,33,0,327,327,11,109,15,0,327,1000,0,-1,-1,-1,-1,-1,-1,-1,3,0,-3,0,0,-3,66,46,-3,-3,-3,-3,-3,-3,-3,-3,-3,-3,-3,15,-3,-2,0,46,1,15,15,-4,-4,0,-4,-4,-4,-4,-4,-1,0,-1,-1,-1,-1,-1,-1,-1,-1,-1,-1,-1,-1,-1,-1,-1,-1,-1,-1,-1,-1,-1,-1,-1,0,-1,-1,25,-1,-1,-3,-1,25,-2,-5,0,109,-1,382,-1,-4,-4,-4,-4,0,-1,-1,-1,-1,-1,-1,-1,-1,2,0,-1,-1,-1,-1,-1,-1,-1,-1,-1,-1,-1,-1,-1,-1,-1,-1,-1,-1,-1,-1,-1,1,0,-3,0,0,-3,36,36,-3,-3,-3,-3,-3,-3,-3,-3,-3,-3,-3,999,-3,-2,1,0,-3,46,46,-3,-2,-3,0,1,0,0,999,-2,0,0,-3,0,0,0,0,0,0,0,0,-1,-1,-1,0,-1,-1,-1,0,-1,-1,-1,0,0,0,0,1,-1,-1,21,-1,-1,-3,25,100,25,-2,25,100,,,,
8563077,0,0,0,0,823,808,734,645,827,771,100,1,647,426,99,367,366,329,640,NULL,2,777,766,638,751,-3,-3,-3,-3,-3,-3,-3,-3,12.8,-9,-5,-5,-5,-1,-1,-1,-1,-1,-1,-1,-1,1091,261,743,3297,534,648,471,1011,690,846,807,651,2399,621,767,574,531,2453,1272,531,1518,542,587,2260,2095,6574,11050,3297,4,79,55,31,21,13,35,60,34,1091,261,743,3297,534,648,471,1011,690,846,807,651,2399,621,767,574,531,2453,1272,531,1518,542,587,2260,2095,6574,11050,3297,4,79,55,31,21,13,35,60,34,-1,-1,-1,-1,-1,-1,-1,-1,-1,-1,-1,-1,-1,-1,-1,-1,-1,-1,-1,-1,-1,-1,-1,-1,-1,-1,-1,-1,-1,-1,-1,-1,-1,-1,-1,-1,-1,12,5,5,1,1,5,307,3,5,5,5,91390,91390,2,0,0,1349,1558,1558,2,2,312,312,999,0,1558,1558,100,8,4,0,-3,1,1,-3,136,3,-3,-3,-3,-3,-3,-3,-3,-3,-3,-3,-3,999,1,-3,0,8,5,5,0,0,5,307,33,5,5,5,91390,2,0,0,1349,1558,2,312,999,0,89832,-2,89832,1558,18278,779,1,0,0,0,0,0,1,0,-3,0,0,-3,72,72,-3,-3,-3,-3,-3,-3,-3,-3,-3,-3,-3,999,-3,-2,8,5,5,0,0,5,307,33,5,5,5,91390,2,0,0,1349,1558,2,312,999,0,1558,0,0,-1,-1,-1,-1,-1,-1,0,-1,-1,-1,-1,-1,-1,2,0,-3,1,1,-3,95,3,-3,-3,-3,-3,-3,-3,-3,-3,-3,-3,-3,999,-3,0,0,-1,-1,-1,-1,-1,-1,-1,-1,-1,-1,-1,-1,-1,-1,-1,-1,-1,-1,-1,-1,-1,0,0,-1,0,0,-1,0,-1,7,0,-1,0,-1,0,-1,0,0,0,0,0,0,0,0,0,0,0,0,-4,-4,-4,0,3,-1,25,38,89832,-2,89832,-2,25,-5,65,38,-1,-1,-1,-1,-4,-4,-4,-4,0,0,0,0,0,0,0,0,0,0,0,0,0,0,0,0,0,0,-1,-1,0,0,0,-1,-1,-1,-1,-1,2,0,-1,2,2,0,-1,0,0,0,0,0,0,1,1,1,1,1,1,1,1,-1,-1,1,1,-1,-1,-1,-1,1,1,1,0,-1,-1,-1,-1,-1,-1,-1,-1,-1,-1,-1,-1,-1,-1,-1,-1,-1,-1,-1,-1,-1,0,-1,-1,-1,-1,-1,-1,-1,-1,-1,-1,-1,-1,-1,-1,-1,-1,-1,-1,-1,-1,-1,4,0,-3,1,1,-3,136,3,-3,-3,-3,-3,-3,-3,-3,-3,-3,-3,-3,999,-3,0,0,-1,-1,-1,-1,-1,-1,-1,-1,-1,-1,-1,0,-1,-1,-1,-1,-1,-1,-1,-1,-1,-1,-1,0,-1,-1,-1,-1,-1,-1,-1,-1,-1,-1,-1,-1,-1,-1,0,-1,-1,-1,-1,-1,-1,-1,-1,-1,-1,-1,-1,-1,-1,-1,-1,-1,-1,-1,-1,-1,-1,-1,-1,-1,-1,-1,1,0,-3,0,0,-3,136,136,-3,-3,-3,-3,-3,-3,-3,-3,-3,-3,-3,999,-3,-2,7,5,5,0,0,5,307,33,5,5,5,91390,2,0,0,1349,1558,2,312,999,0,1558,8,5,5,0,0,5,307,33,5,5,5,91390,2,0,0,1349,1558,2,312,999,0,1558,18278,0,-1,-1,-1,-1,-1,-1,-1,0,-1,-1,-1,-1,-1,-1,-1,-1,-1,-1,-1,-1,-1,-1,-1,-1,-1,-1,-1,-1,-1,-1,117,0,999,999,-4,-4,0,-4,-4,-4,-4,-4,-1,0,-1,-1,-1,-1,-1,-1,-1,-1,-1,-1,-1,-1,-1,-1,-1,-1,-1,-1,-1,-1,-1,-1,-1,0,-1,-1,65,-1,-1,-3,-1,65,-4,-4,-4,-4,-1,450,-1,-4,-4,-4,-4,2,1,1,1,-1,-1,-1,-1,-1,6,0,-1,-1,-1,-1,-1,-1,-1,-1,-1,-1,-1,-1,-1,-1,-1,-1,-1,-1,-1,-1,-1,0,-1,-1,-1,-1,-1,-1,-1,-1,-1,-1,-1,-1,-1,-1,-1,-1,-1,-1,-1,-1,-1,1,1,1,54,54,18000,0,0,1,0,20,0,999,-5,-5,0,0,0,0,0,0,0,0,0,0,-1,-1,-1,0,-1,-1,-1,0,-1,-1,-1,0,1,1,1,1,3,-1,3,-1,-1,-3,25,38,25,-5,65,38,,,,
1221210,0,0,0,0,739,806,731,615,818,711,62,2,567,411,116,355,NULL,559,448,NULL,7,746,729,630,736,-1,-1,-1,-1,-1,-1,-1,-1,-9,-5,-5,-5,-5,-1,-1,-1,-1,-1,-1,-1,-1,95,0,0,0,0,4,190,5,7,307,0,187,115,223,245,359,292,280,12,15,127,74,200,66,95,99,795,307,10,40,16,37,39,24,0,100,100,199,5,288,103,212,6,293,8,111,310,3,291,220,328,348,362,396,283,116,21,231,278,305,69,492,813,1829,310,10,62,55,28,23,28,21,52,56,0,0,0,0,10,0,0,0,0,0,0,0,0,0,0,0,0,0,0,0,0,0,0,0,0,10,10,10,5,-9,-9,0,0,100,0,-9,100,7,5,5,0,0,5,451,29,5,5,5,27338,21001,2,40,20,6337,6699,362,25,2,1340,91,999,0,6699,362,100,0,0,-1,-1,-1,-1,-1,-1,-1,-1,-1,-1,-1,-1,-1,-1,-1,-1,-1,-1,-1,-1,-1,-1,1,1,1,0,0,1,175,175,1,1,1,13000,0,0,0,0,0,0,0,999,0,13000,-3,13000,0,13000,-5,0,0,0,0,0,0,0,-1,-1,-1,-1,-1,-1,-1,-1,-1,-1,-1,-1,-1,-1,-1,-1,-1,-1,-1,-1,-1,1,1,1,0,0,1,29,29,1,1,1,5001,0,0,0,0,0,0,0,999,0,0,0,0,-1,-1,-1,-1,-1,-1,0,-1,-1,-1,-1,-1,-1,0,-1,-1,-1,-1,-1,-1,-1,-1,-1,-1,-1,-1,-1,-1,-1,-1,-1,-1,-1,-1,-1,1,1,1,0,0,1,84,84,1,1,1,2500,0,0,0,0,0,0,0,999,0,0,0,0,0,0,0,0,0,0,5,0,0,0,0,0,0,0,0,0,0,0,0,0,0,0,0,0,0,-4,-4,-4,0,-4,-4,111,100,20639,-2,20639,-2,111,-2,111,100,-1,-1,-1,-1,-4,-4,-4,-4,-1,0,0,0,0,0,0,0,0,0,0,0,0,0,0,0,0,0,-1,-1,0,0,0,-1,-3,-3,-3,-3,0,-4,-1,-4,-4,-4,-4,0,0,0,0,0,0,1,1,1,1,-1,-1,-1,-1,-2,1,1,1,-1,-1,1,1,-4,-4,-4,1,1,1,0,0,1,60,60,1,1,1,6337,1,100,100,6337,6337,100,6337,999,0,6337,0,-1,-1,-1,-1,-1,-1,-1,-1,-1,-1,-1,-1,-1,-1,-1,-1,-1,-1,-1,-1,-1,0,-1,-1,-1,-1,-1,-1,-1,-1,-1,-1,-1,-1,-1,-1,-1,-1,-1,-1,-1,-1,-1,0,-1,-1,-1,-1,-1,-1,-1,-1,-1,-1,-1,0,-1,-1,-1,-1,-1,-1,-1,-1,-1,-1,-1,0,-1,-1,-1,-1,-1,-1,-1,-1,-1,-1,-1,-1,-1,-1,1,0,-3,0,0,-3,188,188,-3,-3,-3,-3,-3,-3,-3,-3,-3,-3,-3,-3,-3,999,0,-3,-2,-1,-1,-1,5,3,3,0,0,3,451,60,3,3,3,19837,2,67,33,6337,6699,34,2233,999,0,6699,1,1,1,0,0,1,175,175,1,1,1,13000,0,0,0,0,0,0,0,999,0,0,5,4,4,0,0,4,451,29,4,4,4,21001,1,25,0,362,362,2,91,999,0,362,5250,0,-1,-1,-1,-1,-1,-1,-1,2,2,2,0,0,2,84,29,2,2,2,7501,0,0,0,0,0,0,0,999,0,0,0,183,2,999,999,-4,-4,0,-4,-4,-4,-4,-4,-4,0,-1,-1,-1,-1,-1,-1,-1,-1,-1,-1,-1,-1,-1,-1,-1,-1,-1,-1,-1,-1,-1,-1,-1,0,-1,-1,111,96,-1,-1,-3,15,-4,-4,-4,-4,-1,416,-1,-4,-4,-4,-4,-4,-4,-4,-4,-4,-4,-4,-1,-1,0,0,-1,-1,-1,-1,-1,-1,-1,-1,-1,-1,-1,-1,-1,-1,-1,-1,-1,-1,-1,-1,-1,0,-1,-1,-1,-1,-1,-1,-1,-1,-1,-1,-1,-1,-1,-1,-1,-1,-1,-1,-1,-1,-1,1,0,-3,297,297,-3,-2,-3,1,0,0,0,999,-2,-5,0,-5,-1,-1,-1,-1,-1,-1,-1,-1,-4,-4,-4,-4,-4,-4,-4,-4,-4,-4,-4,-4,-4,-4,-4,-4,-4,-4,-4,-1,-1,-3,111,100,111,-2,111,100,,,,
5158125,0,0,0,0,686,724,606,608,799,738,62,0,437,270,96,235,NULL,248,307,NULL,0,731,731,602,659,-1,-1,-1,-1,-1,-1,-1,-1,-9,-5,-5,-5,-5,-1,-1,-1,-1,-1,-1,-1,-1,0,0,0,0,0,0,0,0,0,0,0,0,0,0,0,0,25,0,0,0,0,0,0,0,0,0,0,0,-9,0,-9,-9,-9,-9,-9,-9,-9,0,0,0,0,0,0,0,0,0,0,0,0,0,0,0,0,25,0,0,0,0,0,0,0,0,0,0,0,-9,0,-9,-9,-9,-9,-9,-9,-9,-1,-1,-1,-1,-1,-1,-1,-1,-1,-1,-1,-1,-1,-1,-1,-1,-1,-1,-1,-1,-1,-1,-1,-1,-1,-1,-1,-1,-1,-1,-1,-1,-1,-1,-1,-1,-1,2,1,1,0,0,1,252,113,1,1,1,8500,8500,0,0,0,0,0,0,0,0,0,0,999,0,0,0,100,0,0,-1,-1,-1,-1,-1,-1,-1,-1,-1,-1,-1,-1,-1,-1,-1,-1,-1,-1,-1,-1,-1,-1,2,1,1,0,0,1,252,113,1,1,1,8500,0,0,0,0,0,0,0,999,0,8500,-2,8500,0,8500,-5,0,0,0,0,0,0,0,-1,-1,-1,-1,-1,-1,-1,-1,-1,-1,-1,-1,-1,-1,-1,-1,-1,-1,-1,-1,-1,2,1,1,0,0,1,252,113,1,1,1,8500,0,0,0,0,0,0,0,999,0,0,0,0,-1,-1,-1,-1,-1,-1,0,-1,-1,-1,-1,-1,-1,0,-1,-1,-1,-1,-1,-1,-1,-1,-1,-1,-1,-1,-1,-1,-1,-1,-1,-1,-1,-1,-1,0,-1,-1,-1,-1,-1,-1,-1,-1,-1,-1,-1,-1,-1,-1,-1,-1,-1,-1,-1,-1,-1,0,0,-1,0,0,-1,0,-1,1,0,-1,0,-1,0,-1,0,0,0,0,0,0,0,0,0,0,0,0,-4,-4,-4,0,-4,-4,-5,-5,8500,-2,8500,-2,-5,-1,-5,-5,-1,-1,-1,-1,-4,-4,-4,-4,-1,0,0,0,0,0,0,0,0,0,0,0,0,0,0,0,0,0,-1,-1,0,0,0,-1,-3,-3,-3,-3,0,-4,-1,-4,-4,-4,-4,0,0,0,0,0,0,1,1,1,1,-1,-1,-1,-1,-1,-1,1,1,-1,-1,-1,-1,-4,-4,-4,0,-1,-1,-1,-1,-1,-1,-1,-1,-1,-1,-1,-1,-1,-1,-1,-1,-1,-1,-1,-1,-1,0,-1,-1,-1,-1,-1,-1,-1,-1,-1,-1,-1,-1,-1,-1,-1,-1,-1,-1,-1,-1,-1,0,-1,-1,-1,-1,-1,-1,-1,-1,-1,-1,-1,-1,-1,-1,-1,-1,-1,-1,-1,-1,-1,0,-1,-1,-1,-1,-1,-1,-1,-1,-1,-1,-1,0,-1,-1,-1,-1,-1,-1,-1,-1,-1,-1,-1,0,-1,-1,-1,-1,-1,-1,-1,-1,-1,-1,-1,-1,-1,-1,0,-1,-1,-1,-1,-1,-1,-1,-1,-1,-1,-1,-1,-1,-1,-1,-1,-1,-1,-1,-1,-1,-1,-1,-1,-1,-1,-1,0,-1,-1,-1,-1,-1,-1,-1,-1,-1,-1,-1,-1,-1,-1,-1,-1,-1,-1,-1,-1,-1,0,-1,-1,-1,-1,-1,-1,-1,-1,-1,-1,-1,-1,-1,-1,-1,-1,-1,-1,-1,-1,-1,2,1,1,0,0,1,252,113,1,1,1,8500,0,0,0,0,0,0,0,999,0,0,8500,0,-1,-1,-1,-1,-1,-1,-1,0,-1,-1,-1,-1,-1,-1,-1,-1,-1,-1,-1,-1,-1,-1,-1,-1,-1,-1,-1,-1,-1,-1,183,0,999,999,-4,-4,0,-4,-4,-4,-4,-4,-4,0,-1,-1,-1,-1,-1,-1,-1,-1,-1,-1,-1,-1,-1,-1,-1,-1,-1,-1,-1,-1,-1,-1,-1,0,-1,-1,0,-1,-1,-1,-1,0,-4,-4,-4,-4,-1,448,-1,-4,-4,-4,-4,-4,-4,-4,-4,-4,-4,-4,-1,-1,0,0,-1,-1,-1,-1,-1,-1,-1,-1,-1,-1,-1,-1,-1,-1,-1,-1,-1,-1,-1,-1,-1,0,-1,-1,-1,-1,-1,-1,-1,-1,-1,-1,-1,-1,-1,-1,-1,-1,-1,-1,-1,-1,-1,0,-1,-1,-1,-1,-1,-1,-1,-1,-1,-1,-1,-1,-1,-1,-1,-1,-1,-1,-1,-1,-1,-1,-1,-1,-4,-4,-4,-4,-4,-4,-4,-4,-4,-4,-4,-4,-4,-4,-4,-4,-4,-4,-4,-1,-1,-3,-5,-5,-5,-1,-5,-5,,,,
8516891,0,0,0,0,770,805,752,650,775,716,203,16,671,447,127,493,409,481,610,563,1,767,789,645,742,1.98,NULL,NULL,NULL,NULL,NULL,NULL,NULL,-9,-5,-5,-5,-5,-1,-1,-1,-1,-1,-1,-1,-1,10811,0,1837,1041,0,17040,252,1668,1046,0,2196,0,5672,1282,0,2851,0,0,0,6802,8895,0,0,0,12648,30729,35891,17040,6,141,182,26,9,56,9,100,100,10811,0,1837,1041,0,17040,252,1668,1046,0,2196,0,5672,1282,0,2851,0,0,0,6802,8895,0,0,0,12648,30729,35891,17040,6,141,182,26,9,56,9,100,100,0,0,0,0,0,0,0,0,0,0,0,0,0,0,0,0,0,0,0,0,0,0,0,0,0,0,0,0,-9,-9,-9,-9,-9,-9,-9,-9,-9,22,5,5,0,2,5,325,22,5,5,3,262000,65000,3,20,0,145012,153498,8486,59,13,30700,2122,999,0,153498,8486,100,9,3,1,1,0,0,1,122,53,1,1,1,27000,1,0,0,3758,3758,14,3758,999,60,0,3758,7,1,1,0,1,1,325,22,1,1,-6,30000,1,0,0,4728,4728,16,4728,999,0,25272,-2,25272,4728,30000,4728,16,0,0,0,0,0,0,-1,-1,-1,-1,-1,-1,-1,-1,-1,-1,-1,-1,-1,-1,-1,-1,-1,-1,-1,-1,-1,7,1,1,0,1,1,285,22,1,1,-6,30000,1,0,0,4728,4728,16,4728,999,0,4728,0,0,-1,-1,-1,-1,-1,-1,0,-1,-1,-1,-1,-1,-1,2,0,-3,0,0,-3,122,80,-3,-3,-3,-3,-3,-3,-3,-3,-3,-3,-3,999,-3,-2,1,1,1,0,0,1,28,28,1,1,1,7500,0,0,0,0,0,0,0,999,0,0,0,0,0,0,0,0,0,0,7,0,0,0,0,0,0,0,0,0,0,0,0,0,0,0,0,0,0,-4,-4,-4,0,22,-1,2653,100,33272,-2,33272,-5,2653,-2,2653,100,-1,-1,-1,-1,-4,-4,-4,-4,0,0,0,0,0,0,0,0,0,0,0,0,0,0,0,0,0,0,-1,-1,0,0,0,-1,-3,-3,-1,-1,2,0,-1,0,0,0,-1,0,0,0,0,0,0,1,1,1,1,1,1,1,1,1,1,1,1,-2,1,-1,-1,2,0,0,0,-1,-1,-1,-1,-1,-1,-1,-1,-1,-1,-1,-1,-1,-1,-1,-1,-1,-1,-1,-1,-1,2,0,-3,0,0,-3,189,159,-3,-3,-3,-3,-3,-3,-3,-3,-3,-3,-3,999,-3,-2,4,1,1,0,0,1,122,53,1,1,1,27000,1,0,0,3758,3758,14,3758,999,0,3758,0,-1,-1,-1,-1,-1,-1,-1,-1,-1,-1,-1,0,-1,-1,-1,-1,-1,-1,-1,-1,-1,-1,-1,0,-1,-1,-1,-1,-1,-1,-1,-1,-1,-1,-1,-1,-1,-1,5,1,1,0,0,1,203,60,1,1,1,197000,1,100,0,145012,145012,74,74,74,145012,999,0,0,145012,-1,-1,-1,3,1,1,0,0,1,325,53,1,1,1,27000,1,0,0,3758,3758,14,3758,999,0,3758,3,0,-3,0,0,-3,325,285,-3,-3,-3,-3,-3,-3,-3,-3,-3,-3,-3,999,-3,-2,13,3,3,0,2,3,325,22,3,3,1,38000,1,0,0,4728,4728,12,1576,999,0,4728,12667,0,-1,-1,-1,-1,-1,-1,-1,3,2,2,0,1,2,43,23,2,2,1,8000,0,0,0,0,0,0,0,999,0,0,0,142,0,999,999,-4,-4,0,-4,-4,-4,-4,-4,0,0,-1,-1,-1,-1,-1,-1,-1,-1,-1,-1,-1,-1,-1,-1,-1,-1,-1,-1,-1,-1,-1,-1,-1,0,-1,-1,2653,-1,-2,473,2133,47,-4,-4,-4,-4,-1,363,-1,-4,-4,-4,-4,0,-1,-1,-1,0,0,0,-1,-1,0,0,-1,-1,-1,-1,-1,-1,-1,-1,-1,-1,-1,-1,-1,-1,-1,-1,-1,-1,-1,-1,-1,1,0,-3,0,0,-3,80,80,-3,-3,-3,-3,-3,-3,-3,-3,-3,-3,-3,999,-3,-2,6,0,-3,203,159,-3,-2,-3,2,4,0,0,999,-2,-5,0,-5,0,0,0,0,0,0,0,0,-1,-1,-1,0,-1,-1,-1,0,0,0,0,1,-1,-1,-1,0,-1,22,-1,-1,-3,-3,2653,100,2653,-2,2653,100,,,,
1185628,0,0,0,0,715,743,602,608,744,708,64,1,647,369,83,312,NULL,435,467,NULL,1,725,725,609,717,-1,-1,-1,-1,-1,-1,-1,-1,-9,-5,-5,-5,-5,-1,-1,-1,-1,-1,-1,-1,-1,1167,1587,2087,1866,1848,1037,1142,339,863,1326,3215,2324,1143,864,1798,1120,1350,667,1565,1033,871,1574,3541,1788,4841,9592,18801,3215,11,109,127,36,13,21,30,100,100,1167,1587,2087,1866,1848,1037,1142,339,863,1326,3215,2324,1143,864,1798,1120,1350,667,1565,1033,871,1574,3541,1788,4841,9592,18801,3215,11,109,127,36,13,21,30,100,100,-2,-2,-2,-2,-2,-2,-2,-2,-2,-2,-2,-2,-2,-2,-2,-2,-2,-2,-2,-2,-2,-2,-2,-2,-2,-2,-2,-2,-2,-2,-2,-2,-2,-2,-2,-2,-2,4,1,1,0,0,1,272,38,1,1,1,2000,2000,1,100,0,1167,1167,1167,58,58,1167,1167,999,0,1167,1167,100,0,0,-1,-1,-1,-1,-1,-1,-1,-1,-1,-1,-1,-1,-1,-1,-1,-1,-1,-1,-1,-1,-1,-1,2,1,1,0,0,1,272,38,1,1,1,2000,1,100,0,1167,1167,58,1167,999,0,833,-2,833,1167,2000,1167,58,0,0,0,0,0,0,-1,-1,-1,-1,-1,-1,-1,-1,-1,-1,-1,-1,-1,-1,-1,-1,-1,-1,-1,-1,-1,2,0,-3,0,0,-3,73,38,-3,-3,-3,-3,-3,-3,-3,-3,-3,-3,-3,999,-3,-2,-2,0,-1,-1,-1,-1,-1,-1,0,-1,-1,-1,-1,-1,-1,0,-1,-1,-1,-1,-1,-1,-1,-1,-1,-1,-1,-1,-1,-1,-1,-1,-1,-1,-1,-1,-1,2,1,1,0,0,1,272,98,1,1,1,2000,1,100,0,1167,1167,58,1167,999,0,1167,0,0,-1,0,0,-1,0,-1,3,0,-1,0,-1,0,-1,0,0,0,0,0,0,0,0,0,0,0,0,-4,-4,-4,0,-4,-4,29,100,833,-2,833,-2,29,-1,29,100,-1,-1,-1,-1,-4,-4,-4,-4,-1,0,0,0,0,0,0,0,0,0,0,0,0,0,0,0,0,0,-1,-1,0,0,0,-1,-3,-3,-3,-3,0,-4,-1,-4,-4,-4,-4,0,0,0,0,0,0,1,1,1,1,-1,-1,-1,-1,-1,-1,1,1,-1,-1,-1,-1,-4,-4,-4,0,-1,-1,-1,-1,-1,-1,-1,-1,-1,-1,-1,-1,-1,-1,-1,-1,-1,-1,-1,-1,-1,0,-1,-1,-1,-1,-1,-1,-1,-1,-1,-1,-1,-1,-1,-1,-1,-1,-1,-1,-1,-1,-1,0,-1,-1,-1,-1,-1,-1,-1,-1,-1,-1,-1,-1,-1,-1,-1,-1,-1,-1,-1,-1,-1,0,-1,-1,-1,-1,-1,-1,-1,-1,-1,-1,-1,0,-1,-1,-1,-1,-1,-1,-1,-1,-1,-1,-1,0,-1,-1,-1,-1,-1,-1,-1,-1,-1,-1,-1,-1,-1,-1,0,-1,-1,-1,-1,-1,-1,-1,-1,-1,-1,-1,-1,-1,-1,-1,-1,-1,-1,-1,-1,-1,-1,-1,-1,-1,-1,-1,0,-1,-1,-1,-1,-1,-1,-1,-1,-1,-1,-1,-1,-1,-1,-1,-1,-1,-1,-1,-1,-1,0,-1,-1,-1,-1,-1,-1,-1,-1,-1,-1,-1,-1,-1,-1,-1,-1,-1,-1,-1,-1,-1,4,1,1,0,0,1,272,38,1,1,1,2000,1,100,0,1167,1167,58,1167,999,0,1167,2000,0,-1,-1,-1,-1,-1,-1,-1,2,0,-3,0,0,-3,98,73,-3,-3,-3,-3,-3,-3,-3,-3,-3,-3,-3,999,-3,-2,0,120,1,999,999,-4,-4,0,-4,-4,-4,-4,-4,-4,0,-1,-1,-1,-1,-1,-1,-1,-1,-1,-1,-1,-1,-1,-1,-1,-1,-1,-1,-1,-1,-1,-1,-1,0,-1,-1,29,-1,-1,-1,-1,29,-4,-4,-4,-4,-1,450,-1,-4,-4,-4,-4,-4,-4,-4,-4,-4,-4,-4,-1,-1,0,0,-1,-1,-1,-1,-1,-1,-1,-1,-1,-1,-1,-1,-1,-1,-1,-1,-1,-1,-1,-1,-1,0,-1,-1,-1,-1,-1,-1,-1,-1,-1,-1,-1,-1,-1,-1,-1,-1,-1,-1,-1,-1,-1,0,-1,-1,-1,-1,-1,-1,-1,-1,-1,-1,-1,-1,-1,-1,-1,-1,-1,-1,-1,-1,-1,-1,-1,-1,-4,-4,-4,-4,-4,-4,-4,-4,-4,-4,-4,-4,-4,-4,-4,-4,-4,-4,-4,-1,-1,-3,29,100,29,-1,29,100,,,,
4862989,0,0,0,0,585,507,526,592,505,520,61,15,650,449,56,440,465,575,636,604,0,734,710,728,661,9.07,NULL,NULL,NULL,NULL,NULL,NULL,NULL,11.2,7.5,5.9,-5,-5,-1,-1,-1,-1,-1,-1,-1,-1,31,69,68,68,0,66,0,17,0,0,0,59,0,579,495,45,792,33,486,1792,348,10,913,693,168,302,378,69,2,6,16,17,5,19,59,100,100,76,101,196,68,0,66,0,17,0,162,44,102,4,623,623,45,792,33,486,1848,377,1136,1056,1157,373,507,832,196,3,10,30,20,24,9,48,59,55,45,32,128,0,0,0,0,0,0,162,44,43,4,44,128,0,0,0,0,56,29,1126,143,464,205,205,454,162,10,23,116,22,39,0,39,100,100,14,4,2,0,2,4,166,22,2,2,2,29405,29405,4,100,75,19853,22878,22878,78,78,5720,5720,0,359,30764,30764,50,14,2,1,1,0,0,1,119,32,1,1,1,26525,1,100,0,19853,19853,75,19853,3,75,0,19853,3,2,1,0,0,2,137,40,1,1,1,2700,2,100,100,1849,2820,104,1410,0,300,0,17114,0,10706,1350,3569,104,2,8,3,1,300,1,0,-3,0,1,-3,22,22,-3,-3,-3,-3,-3,-3,-3,-3,-3,-3,-3,999,-3,0,4,2,1,0,0,2,137,40,1,1,1,2700,2,100,100,1849,2820,104,1410,0,300,10706,1,0,-1,-1,-1,-1,-1,-1,0,-1,-1,-1,-1,-1,-1,2,1,1,0,0,1,119,32,1,1,1,26525,1,100,0,19853,19853,75,19853,3,0,19853,0,-1,-1,-1,-1,-1,-1,-1,-1,-1,-1,-1,-1,-1,-1,-1,-1,-1,-1,-1,-1,-1,5,9,-2,2,4,-2,2,-2,6,7,1,4,1,3,1,50,4,4,4,4,2,2,2,1,1,2,0,-4,-4,-4,0,22,-1,774,100,0,17114,0,17114,774,-2,774,100,-1,-1,-1,-1,2179,2179,1,1,2,359,1,2,0,1,0,1,0,1,0,1,0,1,1,1,1,1,3,1,4,1,2,300,-3,-3,-1,-1,1,0,0,0,0,0,-1,8,4,4,5,2,2,5,5,5,5,2,3,2,3,-2,5,5,5,-1,-1,-1,-1,1,0,0,0,-1,-1,-1,-1,-1,-1,-1,-1,-1,-1,-1,-1,-1,-1,-1,-1,-1,-1,-1,-1,-1,0,-1,-1,-1,-1,-1,-1,-1,-1,-1,-1,-1,-1,-1,-1,-1,-1,-1,-1,-1,-1,-1,4,1,1,0,1,1,127,22,1,1,1,26525,1,100,0,19853,19853,75,19853,3,0,19853,0,-1,-1,-1,-1,-1,-1,-1,-1,-1,-1,-1,0,-1,-1,-1,-1,-1,-1,-1,-1,-1,-1,-1,0,-1,-1,-1,-1,-1,-1,-1,-1,-1,-1,-1,-1,-1,-1,2,0,-3,0,0,-3,166,166,-3,-3,-3,-3,-3,-3,-3,-3,-3,-3,-3,-3,-3,52,0,-3,-2,-1,-1,-1,1,0,-3,0,0,-3,127,127,-3,-3,-3,-3,-3,-3,-3,-3,-3,-3,-3,999,-3,-2,1,0,-3,0,0,-3,137,137,-3,-3,-3,-3,-3,-3,-3,-3,-3,-3,-3,61,-3,7886,8,3,1,0,1,3,137,23,1,1,1,2880,3,100,100,1849,3025,105,1008,0,359,10911,960,0,-1,-1,-1,-1,-1,-1,-1,4,1,0,0,1,1,99,23,0,0,0,180,1,100,100,205,205,114,205,1,59,205,205,82,3,0,0,2179,2179,1,1,1,1,1,1,0,0,-1,-1,-1,-1,-1,-1,-1,-1,-1,-1,-1,-1,-1,-1,-1,-1,-1,-1,-1,-1,-1,-1,-1,0,-1,-1,774,-1,-1,465,-3,309,-4,-4,-4,-4,-1,350,-1,32,32,2179,2179,0,-1,-1,-1,0,0,0,-1,-1,0,0,-1,-1,-1,-1,-1,-1,-1,-1,-1,-1,-1,-1,-1,-1,-1,-1,-1,-1,-1,-1,-1,2,0,-3,0,1,-3,127,22,-3,-3,-3,-3,-3,-3,-3,-3,-3,-3,-3,999,-3,0,4,0,-3,166,119,-3,-2,-3,1,3,0,0,43,-2,0,0,-5,2,1,1,0,0,0,0,0,-1,-1,-1,0,-1,-1,-1,0,0,0,0,1,-1,-1,-1,0,-1,22,-1,-1,-1,-3,774,100,774,-2,774,100,,,,
186173,0,0,0,0,794,743,713,706,751,694,106,27,696,449,186,833,484,292,664,NULL,2,756,757,647,759,5.61,NULL,NULL,NULL,NULL,NULL,NULL,NULL,13.5,-9,-5,-5,-5,-1,-1,-1,-1,-1,-1,-1,-1,1504,0,0,0,2970,0,94,0,0,865,435,0,2752,141,0,411,0,1152,0,447,0,190,856,0,1504,4474,5868,2970,5,99,52,45,12,43,0,100,100,1504,0,0,2,2972,155,94,0,0,865,435,0,2752,141,0,543,3874,1440,283,607,541,190,856,0,1504,4633,6027,2972,5,54,52,44,12,44,0,100,97,0,0,0,2,2,155,0,0,0,0,0,0,0,0,0,132,3874,288,283,160,541,0,0,0,0,159,159,155,6,3,-9,0,0,99,1,-9,100,15,8,8,1,3,8,181,6,8,7,5,265791,33041,4,38,25,222350,232726,10376,88,31,29091,1482,999,0,232726,10376,100,20,2,1,1,1,1,1,33,6,1,-6,-6,8041,1,100,100,6392,6392,79,6392,999,24,0,6392,3,2,2,0,0,2,181,149,2,2,2,19000,1,0,0,1400,1400,7,700,999,0,17600,-2,17600,1400,9500,1400,6,0,0,0,0,0,0,-1,-1,-1,-1,-1,-1,-1,-1,-1,-1,-1,-1,-1,-1,-1,-1,-1,-1,-1,-1,-1,3,2,2,0,0,2,181,149,2,2,2,19000,1,0,0,1400,1400,7,700,999,0,1400,0,0,-1,-1,-1,-1,-1,-1,0,-1,-1,-1,-1,-1,-1,2,1,1,1,1,1,33,6,1,-6,-6,8041,1,100,100,6392,6392,79,6392,999,0,6392,1,1,1,0,1,1,18,18,1,1,-6,3500,1,100,0,2584,2584,74,2584,999,0,2584,0,0,0,0,0,0,0,0,10,0,0,0,0,0,0,0,0,0,0,0,0,0,0,0,0,0,0,-4,-4,-4,0,0,0,2400,100,21016,-2,21016,-2,2400,0,2400,100,-1,-1,-1,-1,-4,-4,-4,-4,0,0,0,0,0,0,0,0,0,0,0,0,0,0,0,0,0,0,-1,-1,0,0,0,-1,-1,-1,-1,-1,3,1,-1,3,3,2,2,0,0,0,0,0,0,1,1,1,1,1,1,1,1,1,1,1,1,-1,-1,-1,-1,2,2,2,0,-1,-1,-1,-1,-1,-1,-1,-1,-1,-1,-1,-1,-1,-1,-1,-1,-1,-1,-1,-1,-1,0,-1,-1,-1,-1,-1,-1,-1,-1,-1,-1,-1,-1,-1,-1,-1,-1,-1,-1,-1,-1,-1,2,1,1,1,1,1,33,6,1,-6,-6,8041,1,100,100,6392,6392,79,6392,999,0,6392,0,-1,-1,-1,-1,-1,-1,-1,-1,-1,-1,-1,0,-1,-1,-1,-1,-1,-1,-1,-1,-1,-1,-1,0,-1,-1,-1,-1,-1,-1,-1,-1,-1,-1,-1,-1,-1,-1,2,1,1,0,0,1,72,34,1,1,1,232750,1,100,100,222350,222350,96,96,96,222350,999,0,0,222350,-1,-1,-1,0,-1,-1,-1,-1,-1,-1,-1,-1,-1,-1,-1,-1,-1,-1,-1,-1,-1,-1,-1,-1,-1,2,1,1,0,0,1,149,149,1,1,1,13000,1,0,0,1400,1400,11,1400,999,0,1400,11,6,6,0,2,6,181,18,6,6,4,25000,2,17,0,2584,3984,16,664,999,0,3984,4167,0,-1,-1,-1,-1,-1,-1,-1,8,4,4,0,2,4,175,18,4,4,2,6000,1,25,0,2584,2584,43,646,999,0,2584,2584,84,1,999,999,-4,-4,0,-4,-4,-4,-4,-4,-1,0,-1,-1,-1,-1,-1,-1,-1,-1,-1,-1,-1,-1,-1,-1,-1,-1,-1,-1,-1,-1,-1,-1,-1,0,-1,-1,2400,-1,-1,355,1905,140,-4,-4,-4,-4,-1,450,-1,-4,-4,-4,-4,2,0,1,1,1,1,1,-1,-1,0,0,-1,-1,-1,-1,-1,-1,-1,-1,-1,-1,-1,-1,-1,-1,-1,-1,-1,-1,-1,-1,-1,0,-1,-1,-1,-1,-1,-1,-1,-1,-1,-1,-1,-1,-1,-1,-1,-1,-1,-1,-1,-1,-1,1,0,-3,33,33,-3,0,-3,0,1,0,0,999,-5,-5,0,-3,0,0,0,0,0,0,0,0,1,1,1,1,0,1,1,1,1,1,1,1,0,1,1,1,6,0,6,-1,-1,-3,2400,100,2400,-5,2400,100,,,,
1473694,0,0,0,0,767,804,709,611,774,820,79,1,611,318,123,364,329,386,514,NULL,1,764,759,624,730,-1,-1,-1,-1,-1,-1,-1,-1,0,-5,-5,-5,-5,-1,-1,-1,-1,-1,-1,-1,-1,606,80,2015,732,915,737,717,1061,1688,205,0,1192,364,239,1069,704,51,254,427,7,176,346,155,836,2701,5085,9948,2015,3,215,162,16,30,24,29,100,100,606,80,2048,874,915,737,717,1061,1688,205,0,1192,364,239,1069,704,51,254,427,7,176,346,155,836,2734,5260,10123,2048,3,219,164,16,30,24,30,100,98,0,0,33,142,0,0,0,0,0,0,0,0,0,0,0,0,0,0,0,0,0,0,0,0,33,175,175,142,4,-9,-9,0,0,0,100,-9,100,9,4,4,1,1,4,367,5,3,3,3,77300,17300,2,0,0,24224,25156,932,33,5,6289,311,999,0,25156,932,100,11,0,-1,-1,-1,-1,-1,-1,-1,-1,-1,-1,-1,-1,-1,-1,-1,-1,-1,-1,-1,-1,-1,-1,2,1,1,0,0,1,367,77,1,1,1,12800,1,0,0,932,932,7,932,999,0,11868,-2,11868,932,12800,932,7,0,0,0,0,0,0,-1,-1,-1,-1,-1,-1,-1,-1,-1,-1,-1,-1,-1,-1,-1,-1,-1,-1,-1,-1,-1,3,1,1,0,0,1,233,77,1,1,1,60000,1,0,0,24224,24224,40,24224,999,0,24224,0,0,-1,-1,-1,-1,-1,-1,0,-1,-1,-1,-1,-1,-1,0,-1,-1,-1,-1,-1,-1,-1,-1,-1,-1,-1,-1,-1,-1,-1,-1,-1,-1,-1,-1,-1,0,-1,-1,-1,-1,-1,-1,-1,-1,-1,-1,-1,-1,-1,-1,-1,-1,-1,-1,-1,-1,-1,0,0,0,0,0,0,0,0,7,0,0,0,0,0,0,0,0,0,0,0,0,0,0,0,0,0,0,-4,-4,-4,0,-4,-4,78,100,52144,-5,52144,-5,-5,78,78,0,-1,-1,-1,-1,-4,-4,-4,-4,0,0,0,0,0,0,0,0,0,0,0,0,0,0,0,0,0,0,-1,-1,0,0,0,-1,-1,-1,-1,-1,0,-4,-1,-4,-4,-4,-4,0,0,0,0,0,0,1,1,1,1,-1,-1,-1,-1,-1,-1,1,1,1,1,-1,-1,-4,-4,-4,0,-1,-1,-1,-1,-1,-1,-1,-1,-1,-1,-1,-1,-1,-1,-1,-1,-1,-1,-1,-1,-1,1,1,1,0,0,1,118,118,1,1,1,60000,1,0,0,24224,24224,40,24224,999,0,24224,0,-1,-1,-1,-1,-1,-1,-1,-1,-1,-1,-1,-1,-1,-1,-1,-1,-1,-1,-1,-1,-1,0,-1,-1,-1,-1,-1,-1,-1,-1,-1,-1,-1,0,-1,-1,-1,-1,-1,-1,-1,-1,-1,-1,-1,0,-1,-1,-1,-1,-1,-1,-1,-1,-1,-1,-1,-1,-1,-1,0,-1,-1,-1,-1,-1,-1,-1,-1,-1,-1,-1,-1,-1,-1,-1,-1,-1,-1,-1,-1,-1,-1,-1,-1,-1,-1,-1,1,1,1,0,0,1,367,367,1,1,1,12800,1,0,0,932,932,7,932,999,0,932,1,1,1,0,0,1,367,367,1,1,1,12800,1,0,0,932,932,7,932,999,0,932,9,4,4,1,1,4,367,5,3,3,3,77300,2,0,0,24224,25156,33,6289,999,0,25156,19325,0,-1,-1,-1,-1,-1,-1,-1,5,2,2,1,1,2,149,5,1,1,1,4500,0,0,0,0,0,0,0,999,0,0,0,139,0,999,999,-4,-4,0,-4,-4,-4,-4,-4,-4,0,-1,-1,-1,-1,-1,-1,-1,-1,-1,-1,-1,-1,-1,-1,-1,-1,-1,-1,-1,-1,-1,-1,-1,0,-1,-1,78,-1,64,-1,-1,78,-4,-4,-4,-4,-1,421,-1,-4,-4,-4,-4,-4,-4,-4,-4,-4,-4,-4,-1,-1,0,0,-1,-1,-1,-1,-1,-1,-1,-1,-1,-1,-1,-1,-1,-1,-1,-1,-1,-1,-1,-1,-1,0,-1,-1,-1,-1,-1,-1,-1,-1,-1,-1,-1,-1,-1,-1,-1,-1,-1,-1,-1,-1,-1,3,2,2,367,118,72800,25156,35,3,0,50,0,999,-5,-5,0,0,-1,-1,-1,-1,-1,-1,-1,-1,-4,-4,-4,-4,-4,-4,-4,-4,-4,-4,-4,-4,-4,-4,-4,-4,-4,-4,-4,-1,64,78,78,100,-5,78,78,0,,,,
4790508,0,0,0,0,792,793,687,654,805,750,143,1,606,376,86,408,332,336,537,NULL,2,767,758,633,728,-1,-1,-1,-1,-1,-1,-1,-1,0.7,34.5,11.9,-9,-9,-1,-1,-1,-1,-1,-1,-1,-1,152,412,3795,983,9,1646,203,888,390,1011,0,1989,880,100,4630,270,534,1256,556,1756,435,1185,1709,438,4359,6997,11478,3795,3,83,78,24,19,15,43,100,11,152,412,3795,983,9,1646,203,888,390,1011,0,1989,880,100,4630,270,534,1256,556,1756,435,1185,1709,438,4359,6997,11478,3795,3,83,78,24,19,15,43,100,11,-2,-2,-2,-2,-2,-2,-2,-2,-2,-2,-2,-2,-2,-2,-2,-2,-2,-2,-2,-2,-2,-2,-2,-2,-2,-2,-2,-2,-2,-2,-2,-2,-2,-2,-2,-2,-2,12,5,5,0,0,5,288,62,5,5,5,65600,65600,3,0,0,2647,3568,3568,5,5,714,714,999,0,3568,3568,100,0,0,-1,-1,-1,-1,-1,-1,-1,-1,-1,-1,-1,-1,-1,-1,-1,-1,-1,-1,-1,-1,-1,-1,7,5,5,0,0,5,288,62,5,5,5,65600,3,0,0,2647,3568,5,714,999,0,62032,-2,62032,3568,13120,1189,4,0,0,0,0,0,0,-1,-1,-1,-1,-1,-1,-1,-1,-1,-1,-1,-1,-1,-1,-1,-1,-1,-1,-1,-1,-1,7,5,5,0,0,5,288,62,5,5,5,65600,3,0,0,2647,3568,5,714,999,0,3568,0,0,-1,-1,-1,-1,-1,-1,0,-1,-1,-1,-1,-1,-1,1,0,-3,0,0,-3,102,102,-3,-3,-3,-3,-3,-3,-3,-3,-3,-3,-3,999,-3,-2,0,-1,-1,-1,-1,-1,-1,-1,-1,-1,-1,-1,-1,-1,-1,-1,-1,-1,-1,-1,-1,-1,0,0,-2,0,0,-2,0,-2,5,0,0,0,0,0,0,0,0,0,0,0,0,0,0,0,0,0,0,-4,-4,-4,0,-4,-4,110,100,62032,-2,62032,-2,110,-2,110,100,-1,-1,-1,-1,-4,-4,-4,-4,-1,0,0,0,0,0,0,0,0,0,0,0,0,0,0,0,0,0,-1,-1,0,0,0,-1,-3,-3,-3,-3,0,-4,-1,-4,-4,-4,-4,0,0,0,0,0,0,1,1,1,1,-2,1,-1,-1,-2,1,1,1,-1,-1,-1,-1,-4,-4,-4,0,-1,-1,-1,-1,-1,-1,-1,-1,-1,-1,-1,-1,-1,-1,-1,-1,-1,-1,-1,-1,-1,0,-1,-1,-1,-1,-1,-1,-1,-1,-1,-1,-1,-1,-1,-1,-1,-1,-1,-1,-1,-1,-1,1,0,-3,0,0,-3,102,102,-3,-3,-3,-3,-3,-3,-3,-3,-3,-3,-3,999,-3,-2,0,-1,-1,-1,-1,-1,-1,-1,-1,-1,-1,-1,0,-1,-1,-1,-1,-1,-1,-1,-1,-1,-1,-1,0,-1,-1,-1,-1,-1,-1,-1,-1,-1,-1,-1,-1,-1,-1,1,0,-3,0,0,-3,68,68,-3,-3,-3,-3,-3,-3,-3,-3,-3,-3,-3,-3,-3,999,0,-3,-2,-1,-1,-1,1,0,-3,0,0,-3,68,68,-3,-3,-3,-3,-3,-3,-3,-3,-3,-3,-3,999,-3,-2,4,3,3,0,0,3,288,62,3,3,3,54200,2,0,0,2647,3269,6,1090,999,0,3269,10,5,5,0,0,5,288,62,5,5,5,65600,3,0,0,2647,3568,5,714,999,0,3568,13120,0,-1,-1,-1,-1,-1,-1,-1,3,0,-3,0,0,-3,169,124,-3,-3,-3,-3,-3,-3,-3,-3,-3,-3,-3,999,-3,-2,0,154,0,999,999,-4,-4,0,-4,-4,-4,-4,-4,-4,0,-1,-1,-1,-1,-1,-1,-1,-1,-1,-1,-1,-1,-1,-1,-1,-1,-1,-1,-1,-1,-1,-1,-1,0,-1,-1,110,-1,-1,-3,-3,110,-4,-4,-4,-4,-1,449,-1,-4,-4,-4,-4,-4,-4,-4,-4,-4,-4,-4,-1,-1,1,0,-1,-1,-1,-1,-1,-1,-1,-1,-1,-1,-1,-1,-1,-1,-1,-1,-1,-1,-1,-1,-1,1,0,-3,0,0,-3,102,102,-3,-3,-3,-3,-3,-3,-3,-3,-3,-3,-3,999,-3,-2,1,0,-3,68,68,-3,-2,-3,0,1,0,0,999,-2,-5,0,-3,-1,-1,-1,-1,-1,-1,-1,-1,-4,-4,-4,-4,-4,-4,-4,-4,-4,-4,-4,-4,-4,-4,-4,-4,-4,-4,-4,-1,-1,-3,110,100,110,-2,110,100,,,,
489414,0,0,0,0,818,826,726,705,823,736,65,15,603,422,170,490,422,506,640,NULL,7,792,746,670,757,0,NULL,NULL,NULL,NULL,NULL,NULL,NULL,12.6,-9,-5,-5,-5,-1,-1,-1,-1,-1,-1,-1,-1,187,180,373,395,183,263,572,173,162,219,203,210,235,206,897,245,240,543,245,259,212,740,308,605,740,1581,3120,572,7,66,55,20,17,32,30,100,75,187,180,373,395,183,263,572,173,162,219,203,210,235,206,897,245,240,543,245,259,212,740,308,605,740,1581,3120,572,7,66,55,20,17,32,30,100,75,0,0,0,0,0,0,0,0,0,0,0,0,0,0,0,0,0,0,0,0,0,0,0,0,0,0,0,0,-9,-9,-9,-9,-9,-9,-9,-9,-9,16,6,6,0,1,6,328,14,6,6,5,152239,35939,5,33,17,88133,97453,5744,64,16,16242,1436,999,0,97453,5744,100,6,5,1,1,0,1,1,152,14,1,1,-6,8539,1,100,0,4923,4923,58,4923,999,36,0,4923,4,2,2,0,0,2,328,90,2,2,2,25900,2,0,0,758,821,3,411,999,0,25079,-2,25079,821,12950,411,3,0,0,0,0,0,3,0,-3,0,0,-3,199,48,-3,-3,-3,-3,-3,-3,-3,-3,-3,-3,-3,999,-3,-2,6,3,3,0,0,3,328,87,3,3,3,35900,3,0,0,3576,4397,12,1466,999,0,4397,0,0,-1,-1,-1,-1,-1,-1,0,-1,-1,-1,-1,-1,-1,4,1,1,0,1,1,152,14,1,1,-6,8539,1,100,0,4923,4923,58,4923,999,0,4923,1,0,-3,0,0,-3,104,104,-3,-3,-3,-3,-3,-3,-3,-3,-3,-3,-3,999,-3,-2,0,0,0,0,0,0,0,0,8,0,0,0,0,0,0,0,0,0,0,0,0,0,0,0,0,0,0,-4,-4,-4,0,14,-1,821,100,33003,-2,33003,-2,247,574,1106,30,-1,-1,-1,-1,-4,-4,-4,-4,0,0,0,0,0,0,0,0,0,0,0,0,0,0,0,0,0,0,-1,-1,0,0,0,-1,-3,-3,-1,-1,3,0,-1,0,0,0,-1,0,0,0,0,0,0,1,1,1,1,1,1,1,1,1,1,1,1,1,1,-2,1,2,0,0,1,0,-3,0,0,-3,110,110,-3,-3,-3,-3,-3,-3,-3,-3,-3,-3,-3,999,-3,-2,2,1,1,0,0,1,236,87,1,1,1,10000,1,0,0,3576,3576,36,3576,999,0,3576,7,1,1,0,1,1,199,14,1,1,-6,8539,1,100,0,4923,4923,58,4923,999,0,4923,0,-1,-1,-1,-1,-1,-1,-1,-1,-1,-1,-1,0,-1,-1,-1,-1,-1,-1,-1,-1,-1,-1,-1,0,-1,-1,-1,-1,-1,-1,-1,-1,-1,-1,-1,-1,-1,-1,1,1,1,0,0,1,90,90,1,1,1,106300,1,100,100,88133,88133,83,83,83,88133,999,0,0,88133,-1,-1,-1,0,-1,-1,-1,-1,-1,-1,-1,-1,-1,-1,-1,-1,-1,-1,-1,-1,-1,-1,-1,-1,-1,3,1,1,0,0,1,328,198,1,1,1,15900,1,0,0,758,758,5,758,999,0,758,8,4,4,0,0,4,328,87,4,4,4,37400,3,0,0,3576,4397,12,1099,999,0,4397,9350,0,-1,-1,-1,-1,-1,-1,-1,2,1,1,0,0,1,104,102,1,1,1,1500,0,0,0,0,0,0,0,999,0,0,0,138,0,999,999,-4,-4,0,-4,-4,-4,-4,-4,0,0,-1,-1,-1,-1,-1,-1,-1,-1,-1,-1,-1,-1,-1,-1,-1,-1,-1,-1,-1,-1,-1,-1,-1,0,-1,-1,821,-3,24,237,515,69,-4,-4,-4,-4,-1,450,-1,-4,-4,-4,-4,0,0,0,0,-1,-1,-1,-1,-1,0,0,-1,-1,-1,-1,-1,-1,-1,-1,-1,-1,-1,-1,-1,-1,-1,-1,-1,-1,-1,-1,-1,1,0,-3,0,0,-3,199,199,-3,-3,-3,-3,-3,-3,-3,-3,-3,-3,-3,999,-3,-2,6,3,3,328,87,132200,92467,70,3,3,50,0,999,-5,-5,0,0,0,0,0,0,0,0,0,0,-1,-1,-1,0,0,0,0,1,-1,-1,-1,0,0,0,0,1,14,-1,14,-1,24,69,821,100,247,574,821,30,,,,
1334349,0,0,0,0,656,722,622,631,708,643,60,10,519,404,86,325,NULL,NULL,548,NULL,0,727,716,611,676,-3,-3,-3,-3,-3,-3,-3,-3,-1,-1,-1,-1,-1,-1,-1,-1,-1,-1,-1,-1,-1,-1,-1,-1,-1,-1,-1,-1,-1,-1,-1,-1,-1,-1,-1,-1,-1,-1,-1,-1,-1,-1,-1,-1,-1,-1,-1,-1,-1,-1,-1,-1,-1,-1,-1,-1,-1,-1,-1,-1,-1,-1,-1,-1,-1,-1,-1,-1,-1,-1,-1,-1,-1,-1,-1,-1,-1,-1,-1,-1,-1,-1,-1,-1,-1,-1,-1,-1,-1,-1,-1,-1,-1,-1,-1,-1,-1,-1,-1,-1,-1,-1,-1,-1,-1,-1,-1,-1,-1,-1,-1,-1,-1,-1,-1,-1,-1,-1,-1,-1,-1,-1,-1,-1,-1,-1,-1,-1,-1,-1,-1,-1,3,1,1,0,0,1,212,85,1,1,1,44900,-3,1,100,0,27432,27432,-3,61,-3,27432,-3,999,0,32567,-2,100,0,1,0,-3,0,0,-3,85,85,-3,-3,-3,-3,-3,-3,-3,-3,-3,-3,-3,999,48,-3,-2,0,-1,-1,-1,-1,-1,-1,-1,-1,-1,-1,-1,-1,-1,-1,-1,-1,-1,-1,-1,-1,-1,-1,-1,-1,-1,-1,-1,-1,-1,-1,-1,-1,0,-1,-1,-1,-1,-1,-1,-1,-1,-1,-1,-1,-1,-1,-1,-1,-1,-1,-1,-1,-1,-1,1,0,-3,0,0,-3,196,196,-3,-3,-3,-3,-3,-3,-3,-3,-3,-3,-3,999,-3,5135,0,0,-1,-1,-1,-1,-1,-1,0,-1,-1,-1,-1,-1,-1,0,-1,-1,-1,-1,-1,-1,-1,-1,-1,-1,-1,-1,-1,-1,-1,-1,-1,-1,-1,-1,-1,0,-1,-1,-1,-1,-1,-1,-1,-1,-1,-1,-1,-1,-1,-1,-1,-1,-1,-1,-1,-1,-1,0,0,0,0,0,0,0,0,2,0,0,0,0,0,0,0,0,0,0,0,0,0,0,0,0,0,0,-4,-4,-4,0,-4,-4,500,100,-3,7865,-3,7865,500,-1,500,100,-1,-1,-1,-1,-4,-4,-4,-4,-1,0,0,0,-1,-1,0,0,-1,-1,0,0,-1,-1,0,0,-1,-1,-1,-1,0,0,0,-1,-3,-3,-3,-3,0,-4,-1,-4,-4,-4,-4,0,0,0,0,0,0,-1,-1,1,1,-2,1,-2,1,1,1,1,1,1,1,-1,-1,-4,-4,-4,0,-1,-1,-1,-1,-1,-1,-1,-1,-1,-1,-1,-1,-1,-1,-1,-1,-1,-1,-1,-1,-1,1,0,-3,0,0,-3,196,196,-3,-3,-3,-3,-3,-3,-3,-3,-3,-3,-3,999,-3,5135,1,0,-3,0,0,-3,85,85,-3,-3,-3,-3,-3,-3,-3,-3,-3,-3,-3,999,-3,-2,0,-1,-1,-1,-1,-1,-1,-1,-1,-1,-1,-1,0,-1,-1,-1,-1,-1,-1,-1,-1,-1,-1,-1,0,-1,-1,-1,-1,-1,-1,-1,-1,-1,-1,-1,-1,-1,-1,1,1,1,0,0,1,212,212,1,1,1,44900,1,100,0,27432,27432,61,61,61,27432,999,0,0,27432,-1,-1,-1,1,0,-3,0,0,-3,85,85,-3,-3,-3,-3,-3,-3,-3,-3,-3,-3,-3,999,-3,-2,0,-1,-1,-1,-1,-1,-1,-1,-1,-1,-1,-1,-1,-1,-1,-1,-1,-1,-1,-1,-1,-1,1,0,-3,0,0,-3,196,196,-3,-3,-3,-3,-3,-3,-3,-3,-3,-3,-3,999,-3,5135,-3,0,-1,-1,-1,-1,-1,-1,-1,0,-1,-1,-1,-1,-1,-1,-1,-1,-1,-1,-1,-1,-1,-1,-1,-1,-1,-1,-1,-1,-1,-1,164,-3,999,999,-4,-4,0,-4,-4,-4,-4,-4,-4,0,-1,-1,-1,-1,-1,-1,-1,-1,-1,-1,-1,-1,-1,-1,-1,-1,-1,-1,-1,-1,-1,-1,-1,0,-1,-1,372,-1,128,-3,372,128,-4,-4,-4,-4,-1,375,-1,-4,-4,-4,-4,-4,-4,-4,-4,-4,-4,-4,-1,-1,0,0,-1,-1,-1,-1,-1,-1,-1,-1,-1,-1,-1,-1,-1,-1,-1,-1,-1,-1,-1,-1,-1,0,-1,-1,-1,-1,-1,-1,-1,-1,-1,-1,-1,-1,-1,-1,-1,-1,-1,-1,-1,-1,-1,0,-1,-1,-1,-1,-1,-1,-1,-1,-1,-1,-1,-1,-1,-1,-1,-1,0,0,0,0,0,0,0,0,-4,-4,-4,-4,-4,-4,-4,-4,-4,-4,-4,-4,-4,-4,-4,-4,-4,-4,-4,-1,-3,-1,500,100,500,-1,500,100,,,,
9798699,0,0,0,0,737,769,674,644,792,778,55,3,470,213,77,222,NULL,610,360,NULL,7,746,733,621,733,-1,-1,-1,-1,-1,-1,-1,-1,-9,-5,-5,-5,-5,-1,-1,-1,-1,-1,-1,-1,-1,28,0,0,84,0,0,0,288,0,0,0,0,242,0,0,0,0,0,0,133,0,0,0,0,28,112,400,288,8,107,12,39,47,0,14,100,7,28,0,0,84,0,0,0,288,0,0,0,0,242,0,0,0,0,0,0,133,0,0,0,0,28,112,400,288,8,107,12,39,47,0,14,100,7,-2,-2,-2,-2,-2,-2,-2,-2,-2,-2,-2,-2,-2,-2,-2,-2,-2,-2,-2,-2,-2,-2,-2,-2,-2,-2,-2,-2,-2,-2,-2,-2,-2,-2,-2,-2,-2,4,2,2,0,0,2,598,303,2,2,2,29700,29700,0,0,0,0,0,0,0,0,0,0,999,0,7597,7597,100,0,0,-1,-1,-1,-1,-1,-1,-1,-1,-1,-1,-1,-1,-1,-1,-1,-1,-1,-1,-1,-1,-1,-1,2,2,2,0,0,2,598,580,2,2,2,29700,0,0,0,0,0,0,0,999,0,29700,-3,29700,0,14850,-5,0,0,0,0,0,0,0,-1,-1,-1,-1,-1,-1,-1,-1,-1,-1,-1,-1,-1,-1,-1,-1,-1,-1,-1,-1,-1,3,2,2,0,0,2,598,515,2,2,2,29700,0,0,0,0,0,0,0,999,0,7597,0,0,-1,-1,-1,-1,-1,-1,0,-1,-1,-1,-1,-1,-1,0,-1,-1,-1,-1,-1,-1,-1,-1,-1,-1,-1,-1,-1,-1,-1,-1,-1,-1,-1,-1,-1,0,-1,-1,-1,-1,-1,-1,-1,-1,-1,-1,-1,-1,-1,-1,-1,-1,-1,-1,-1,-1,-1,0,0,-1,0,0,-1,0,-1,3,0,-1,0,-1,0,-1,0,0,0,0,0,0,0,0,0,0,0,0,-4,-4,-4,0,-4,-4,137,100,29700,903,29700,903,137,-2,137,100,-1,-1,-1,-1,-4,-4,-4,-4,-1,0,0,0,0,0,0,0,0,0,0,0,0,0,0,0,0,0,-1,-1,0,0,0,-1,-3,-3,-3,-3,0,-4,-1,-4,-4,-4,-4,0,0,0,0,0,0,1,1,1,1,-1,-1,-1,-1,-1,-1,1,1,-1,-1,-1,-1,-4,-4,-4,0,-1,-1,-1,-1,-1,-1,-1,-1,-1,-1,-1,-1,-1,-1,-1,-1,-1,-1,-1,-1,-1,0,-1,-1,-1,-1,-1,-1,-1,-1,-1,-1,-1,-1,-1,-1,-1,-1,-1,-1,-1,-1,-1,0,-1,-1,-1,-1,-1,-1,-1,-1,-1,-1,-1,-1,-1,-1,-1,-1,-1,-1,-1,-1,-1,0,-1,-1,-1,-1,-1,-1,-1,-1,-1,-1,-1,0,-1,-1,-1,-1,-1,-1,-1,-1,-1,-1,-1,0,-1,-1,-1,-1,-1,-1,-1,-1,-1,-1,-1,-1,-1,-1,0,-1,-1,-1,-1,-1,-1,-1,-1,-1,-1,-1,-1,-1,-1,-1,-1,-1,-1,-1,-1,-1,-1,-1,-1,-1,-1,-1,0,-1,-1,-1,-1,-1,-1,-1,-1,-1,-1,-1,-1,-1,-1,-1,-1,-1,-1,-1,-1,-1,2,2,2,0,0,2,598,580,2,2,2,29700,0,0,0,0,0,0,0,999,0,0,4,2,2,0,0,2,598,303,2,2,2,29700,0,0,0,0,0,0,0,999,0,7597,14850,0,-1,-1,-1,-1,-1,-1,-1,1,0,-3,0,0,-3,303,303,-3,-3,-3,-3,-3,-3,-3,-3,-3,-3,-3,999,-3,-2,0,499,0,999,999,-4,-4,0,-4,-4,-4,-4,-4,-4,0,-1,-1,-1,-1,-1,-1,-1,-1,-1,-1,-1,-1,-1,-1,-1,-1,-1,-1,-1,-1,-1,-1,-1,0,-1,-1,137,-1,-1,-1,-1,137,-4,-4,-4,-4,-1,450,-1,-4,-4,-4,-4,-4,-4,-4,-4,-4,-4,-4,-1,-1,1,0,-1,-1,-1,-1,-1,-1,-1,-1,-1,-1,-1,-1,-1,-1,-1,-1,-1,-1,-1,-1,-1,0,-1,-1,-1,-1,-1,-1,-1,-1,-1,-1,-1,-1,-1,-1,-1,-1,-1,-1,-1,-1,-1,1,0,-3,303,303,-3,-2,-3,1,0,0,0,999,-2,-5,0,-5,-1,-1,-1,-1,-1,-1,-1,-1,-4,-4,-4,-4,-4,-4,-4,-4,-4,-4,-4,-4,-4,-4,-4,-4,-4,-4,-4,-1,-1,-3,137,100,137,-2,137,100,,,,
6162453,0,0,0,0,NULL,NULL,NULL,NULL,NULL,NULL,NULL,NULL,NULL,NULL,NULL,NULL,NULL,NULL,NULL,NULL,0,595,601,518,571,-4,-4,-4,-4,-4,-4,-4,-4,-4,-4,-4,-4,-4,-4,-4,-4,-4,-4,-4,-4,-4,-6,-6,-6,-6,-6,-6,-6,-6,-6,-6,-6,-6,-6,-6,-6,-6,-6,-6,-6,-6,-6,-6,-6,-6,-6,-6,-6,-6,-6,-6,-6,-6,-6,-6,-6,-6,-6,-6,-6,-6,-6,-6,-6,-6,-6,-6,-6,-6,-6,-6,-6,-6,-6,-6,-6,-6,-6,-6,-6,-6,-6,-6,-6,-6,-6,-6,-6,-6,-6,-6,-6,-6,-6,-6,-6,-6,-6,-6,-6,-6,-6,-6,-6,-6,-6,-6,-6,-6,-6,-6,-6,-6,-6,-6,-6,-6,-6,-6,-6,-6,-6,-6,-6,-6,-6,-6,-6,-6,-6,-6,-6,0,-4,-4,-4,-4,-4,-4,-4,-4,-4,-4,-4,-4,-4,-4,-4,-4,-4,-4,-4,-4,-4,-4,-4,-4,-4,-4,-4,-4,-4,-4,-4,-4,-4,-4,-4,-4,-4,-4,-4,-4,-4,-4,-4,-4,-4,-4,-4,-4,-4,-4,-4,-4,-4,-4,-4,-4,-4,-4,-4,-4,-4,-4,-4,-4,-4,-4,-4,-4,-4,-4,-4,-4,-4,-4,-4,-4,-4,-4,-4,-4,-4,-4,-4,-4,-4,-4,-4,-4,-4,-4,-4,-4,-4,-4,-4,-4,-4,-4,-4,-4,-4,-4,-4,-4,-4,-4,-4,-4,-4,-4,-4,-4,-4,-4,-4,-4,-4,-4,-4,-4,-4,-4,-4,-4,-4,-4,-4,-4,-4,-4,-4,-4,-4,-4,-4,-4,-4,-4,-4,-4,-4,-4,-4,-4,-4,-4,-4,-4,-4,-4,-4,-4,-4,-4,-4,-4,-4,-4,-4,-4,-4,-4,-4,-4,-4,-4,-4,-4,-4,-4,-4,-4,-4,-4,-4,-4,-4,-4,-4,-4,-4,-4,-4,-4,-4,-4,-4,-4,-4,-4,-4,-4,-4,-4,-4,-4,-4,-4,-4,-4,-4,-4,-4,-4,-4,-4,-4,-4,-4,-4,-4,-4,-4,0,-4,-4,-4,-4,-4,-4,-4,-4,-4,-4,-4,-4,-4,-4,-4,-4,-4,-4,-4,-4,987,-1,7,-1,-4,-4,-4,-4,-4,-4,-4,-4,-4,-4,-4,-4,-4,-4,-4,-4,-4,-4,-4,-4,0,0,0,-4,-4,-4,-4,-4,0,-4,-4,-4,-4,-4,-4,0,0,0,0,0,0,-4,-4,-4,-4,-4,-4,-4,-4,-4,-4,-4,-4,-4,-4,-4,-4,-4,-4,-4,-4,-4,-4,-4,-4,-4,-4,-4,-4,-4,-4,-4,-4,-4,-4,-4,-4,-4,-4,-4,-4,-4,-4,-4,-4,-4,-4,-4,-4,-4,-4,-4,-4,-4,-4,-4,-4,-4,-4,-4,-4,-4,-4,-4,-4,-4,-4,-4,-4,-4,-4,-4,-4,-4,-4,-4,-4,-4,-4,-4,-4,-4,-4,-4,-4,-4,-4,-4,-4,-4,-4,-4,-4,-4,-4,-4,-4,-4,-4,-4,-4,-4,-4,-4,-4,-4,-4,-4,-4,-4,-4,-4,-4,-4,-4,-4,-4,-4,-4,-4,-4,-4,-4,-4,-4,-4,-4,-4,-4,-4,-4,-4,-4,-4,-4,-4,-4,-4,-4,-4,-4,-4,-4,-4,-4,-4,-4,-4,-4,-4,-4,-4,-4,-4,-4,-4,-4,-4,-4,-4,-4,-4,-4,-4,-4,-4,-4,-4,-4,-4,-4,-4,-4,-4,-4,-4,-4,-4,-4,-4,-4,-4,-4,-4,-4,-4,-4,-4,-4,-4,-4,-4,-4,-4,-4,-4,-4,-4,-4,-4,-4,-4,-4,-4,-4,-4,-4,-4,-4,-4,-4,-4,-4,-4,-4,-4,-4,-4,-4,-4,-4,-4,-4,-4,-4,-4,-4,-4,-4,-4,-4,-4,-4,-4,-4,-4,-4,-4,-4,-4,-4,-4,-4,-4,-4,-4,-4,-4,-4,-4,-4,-4,-4,-4,-4,1898,-1,9,0,5,-1,3,-1,-4,-4,-4,-4,-4,-4,-4,-4,-4,-4,-4,-4,-4,-4,-4,-4,-4,-4,-4,-4,-4,-4,-4,-4,-4,0,-4,-4,-4,-4,-4,-4,-4,-4,-4,-4,-4,-4,-4,359,-4,8,-1,1461,-1,-4,-4,-4,-4,-4,-4,-4,-4,-4,-4,-4,-4,-4,-4,-4,-4,-4,-4,-4,-4,-4,-4,-4,-4,-4,-4,-4,-4,-4,-4,-4,-4,-4,-4,-4,-4,-4,-4,-4,-4,-4,-4,-4,-4,-4,-4,-4,-4,-4,-4,-4,-4,-4,-4,-4,-4,-4,-4,-4,-4,-4,-4,-4,-4,-4,-4,-4,-1,-4,-4,-4,-4,-4,-4,-4,-4,-4,-4,-4,-4,-4,-4,-4,-4,-4,-4,-4,-4,-4,-4,-4,-4,-4,-4,-4,-4,-4,-4,-4,-4,-4,-4,-4,-4,-4,-4,-4,,,,
326677,0,0,0,0,722,751,728,671,798,719,101,30,618,456,98,518,413,404,609,724,1,801,773,767,802,5.49,NULL,NULL,NULL,NULL,NULL,NULL,NULL,13.1,-9,-5,-5,-5,-1,-1,-1,-1,-1,-1,-1,-1,2887,114,159,3567,784,42,1039,14,512,134,181,273,109,838,1146,72,359,882,14,645,524,591,643,906,3160,7553,9706,3567,4,144,151,8,10,27,55,94,93,2887,114,159,3567,784,42,1039,14,512,134,181,273,109,838,1146,72,359,882,14,645,524,591,643,906,3160,7553,9706,3567,4,144,151,8,10,27,55,94,93,-2,-2,-2,-2,-2,-2,-2,-2,-2,-2,-2,-2,-2,-2,-2,-2,-2,-2,-2,-2,-2,-2,-2,-2,-2,-2,-2,-2,-2,-2,-2,-2,-2,-2,-2,-2,-2,13,6,6,0,1,6,209,22,6,6,5,390349,61735,6,33,17,86562,159575,39064,41,63,26596,13021,39,0,159575,39064,100,8,1,1,1,0,1,1,22,22,1,1,-6,50935,1,100,0,37528,37528,74,37528,999,84,0,37528,6,2,2,0,0,2,184,81,2,2,2,10800,2,0,0,1363,1536,14,768,56,0,9264,-2,9264,1536,5400,768,14,0,10,4,0,0,1,1,1,0,0,1,155,155,1,1,1,27000,1,0,0,100,100,0,100,56,0,100,3,2,2,0,0,2,184,180,2,2,2,10800,2,0,0,1363,1536,14,768,999,0,1536,0,1,0,0,71,0,-2,-2,0,-1,-1,-1,-1,-1,-1,0,-1,-1,-1,-1,-1,-1,-1,-1,-1,-1,-1,-1,-1,-1,-1,-1,-1,-1,-1,-1,-1,1,0,-3,0,0,-3,102,102,-3,-3,-3,-3,-3,-3,-3,-3,-3,-3,-3,999,-3,-2,0,0,0,0,0,0,0,0,6,5,3,5,3,4,3,38,0,0,0,0,0,0,0,0,0,0,0,-4,-4,-4,0,17,-1,2483,100,9264,-2,9264,-2,2483,-1,2483,100,81,-2,0,0,-4,-4,-4,-4,0,0,0,0,0,0,0,0,0,0,0,0,0,0,0,0,0,0,2,2,4,0,0,0,-3,-3,-1,-1,10,0,-1,0,0,0,-1,5,0,0,5,0,0,1,9,1,3,1,5,1,1,1,5,1,9,-1,-1,1,5,4,0,0,1,1,1,0,0,1,155,155,1,1,1,27000,1,0,0,100,100,0,100,56,0,100,0,-1,-1,-1,-1,-1,-1,-1,-1,-1,-1,-1,-1,-1,-1,-1,-1,-1,-1,-1,-1,-1,3,2,2,0,1,2,155,22,2,2,1,77935,2,50,0,37528,37628,48,18814,56,0,37628,0,-1,-1,-1,-1,-1,-1,-1,-1,-1,-1,-1,0,-1,-1,-1,-1,-1,-1,-1,-1,-1,-1,-1,0,-1,-1,-1,-1,-1,-1,-1,-1,-1,-1,-1,-1,-1,-1,3,2,2,0,0,2,209,138,2,2,2,301614,2,50,50,86562,120411,40,40,40,60206,39,0,0,120411,-1,-1,-1,5,2,2,0,1,2,138,22,2,2,1,162295,2,100,50,86562,124090,76,62045,55,0,124090,0,-1,-1,-1,-1,-1,-1,-1,-1,-1,-1,-1,-1,-1,-1,-1,-1,-1,-1,-1,-1,-1,6,2,2,0,0,2,184,102,2,2,2,10800,2,0,0,1363,1536,14,768,56,0,1536,5400,0,-1,-1,-1,-1,-1,-1,-1,1,0,-3,0,0,-3,102,102,-3,-3,-3,-3,-3,-3,-3,-3,-3,-3,-3,999,-3,-2,0,137,0,54,54,-4,-4,0,-4,-4,-4,-4,-4,0,0,-1,-1,-1,-1,-1,-1,-1,-1,-1,-1,-1,-1,-1,-1,-1,-1,-1,-1,-1,-1,-1,-1,-1,0,-1,-1,2483,1,-1,733,1695,55,-4,-4,-4,-4,-1,438,-1,-4,-4,-4,-4,0,0,0,0,0,0,0,-1,-1,0,0,-1,-1,-1,-1,-1,-1,-1,-1,-1,-1,-1,-1,-1,-1,-1,-1,-1,-1,-1,-1,-1,1,0,-3,0,0,-3,105,105,-3,-3,-3,-3,-3,-3,-3,-3,-3,-3,-3,999,-3,-2,0,-1,-1,-1,-1,-1,-1,-1,-1,-1,-1,-1,-1,-1,-1,-1,-1,0,0,0,0,0,0,0,0,-1,-1,-1,0,-1,-1,-1,0,0,0,0,3,0,0,0,1,22,22,22,-1,-1,-3,2483,100,2483,-1,2483,100,,,,
761441,0,0,0,0,612,624,524,605,672,593,61,0,536,347,91,287,NULL,NULL,481,NULL,0,707,704,478,619,-1,-1,-1,-1,-1,-1,-1,-1,-1,-1,-1,-1,-1,-1,-1,-1,-1,-1,-1,-1,-1,-2,-2,-2,-2,-2,-2,-2,-2,-2,-2,-2,-2,-2,-2,-2,-2,-2,-2,-2,0,0,0,0,0,-2,-2,-2,-2,-2,-2,-2,-2,-2,-2,-2,-2,-2,-2,-2,-2,-2,-2,-2,-2,-2,-2,-2,-2,-2,-2,-2,-2,-2,-2,-2,-2,0,0,0,0,0,-2,-2,-2,-2,-2,-2,-2,-2,-2,-2,-2,-2,-2,-2,-2,-2,-2,-2,-2,-2,-2,-2,-2,-2,-2,-2,-2,-2,-2,-2,-2,-2,-2,0,0,0,0,-2,-2,-2,-2,-2,-2,-2,-2,-2,-2,-2,-2,-2,2,0,-3,0,0,-3,68,47,-3,-3,-3,-3,-3,-3,-3,-3,-3,-3,-3,-3,-3,-3,-3,999,-3,-2,-2,-3,0,0,-1,-1,-1,-1,-1,-1,-1,-1,-1,-1,-1,-1,-1,-1,-1,-1,-1,-1,-1,-1,-1,-1,1,0,-3,0,0,-3,68,68,-3,-3,-3,-3,-3,-3,-3,-3,-3,-3,-3,999,-3,-3,-2,-3,-2,-3,-2,-3,0,0,0,-2,-2,0,-1,-1,-1,-1,-1,-1,-1,-1,-1,-1,-1,-1,-1,-1,-1,-1,-1,-1,-1,-1,-1,1,0,-3,0,0,-3,68,68,-3,-3,-3,-3,-3,-3,-3,-3,-3,-3,-3,999,-3,-2,-2,0,-1,-1,-1,-1,-1,-1,0,-1,-1,-1,-1,-1,-1,0,-1,-1,-1,-1,-1,-1,-1,-1,-1,-1,-1,-1,-1,-1,-1,-1,-1,-1,-1,-1,-1,0,-1,-1,-1,-1,-1,-1,-1,-1,-1,-1,-1,-1,-1,-1,-1,-1,-1,-1,-1,-1,-1,-2,-2,-1,-2,-2,-1,-2,-1,2,0,-1,0,-1,0,-1,0,0,0,0,0,0,0,0,0,0,0,0,-4,-4,-4,0,8,-1,-2,-5,-3,-2,-3,-2,-2,-1,-5,-5,-1,-1,-1,-1,-4,-4,-4,-4,-1,-2,-2,-2,-2,-2,-2,-2,-2,-2,-2,-2,-2,-2,-2,-2,-2,-2,-1,-1,0,0,0,-1,-3,-3,-3,-3,1,0,-1,0,1,0,-1,0,0,0,0,0,0,-2,1,-2,1,-1,-1,-1,-1,-1,-1,-2,1,-1,-1,-1,-1,1,0,1,0,-1,-1,-1,-1,-1,-1,-1,-1,-1,-1,-1,-1,-1,-1,-1,-1,-1,-1,-1,-1,-1,0,-1,-1,-1,-1,-1,-1,-1,-1,-1,-1,-1,-1,-1,-1,-1,-1,-1,-1,-1,-1,-1,0,-1,-1,-1,-1,-1,-1,-1,-1,-1,-1,-1,-1,-1,-1,-1,-1,-1,-1,-1,-1,-1,0,-1,-1,-1,-1,-1,-1,-1,-1,-1,-1,-1,0,-1,-1,-1,-1,-1,-1,-1,-1,-1,-1,-1,0,-1,-1,-1,-1,-1,-1,-1,-1,-1,-1,-1,-1,-1,-1,0,-1,-1,-1,-1,-1,-1,-1,-1,-1,-1,-1,-1,-1,-1,-1,-1,-1,-1,-1,-1,-1,-1,-1,-1,-1,-1,-1,0,-1,-1,-1,-1,-1,-1,-1,-1,-1,-1,-1,-1,-1,-1,-1,-1,-1,-1,-1,-1,-1,0,-1,-1,-1,-1,-1,-1,-1,-1,-1,-1,-1,-1,-1,-1,-1,-1,-1,-1,-1,-1,-1,2,0,-3,0,0,-3,68,47,-3,-3,-3,-3,-3,-3,-3,-3,-3,-3,-3,999,-3,-2,-3,0,-1,-1,-1,-1,-1,-1,-1,1,0,-3,0,0,-3,47,47,-3,-3,-3,-3,-3,-3,-3,-3,-3,-3,-3,999,-3,-2,0,58,-3,999,999,-4,-4,0,-4,-4,-4,-4,-4,0,0,-1,-1,-1,-1,-1,-1,-1,-1,-1,-1,-1,-1,-1,-1,-1,-1,-1,-1,-1,-1,-1,-1,-1,0,-1,-1,-3,-1,-1,-1,-1,-2,-4,-4,-4,-4,-1,481,-1,-4,-4,-4,-4,0,-1,-1,-1,0,0,1,-1,-1,0,0,-1,-1,-1,-1,-1,-1,-1,-1,-1,-1,-1,-1,-1,-1,-1,-1,-1,-1,-1,-1,-1,0,-1,-1,-1,-1,-1,-1,-1,-1,-1,-1,-1,-1,-1,-1,-1,-1,-1,-1,-1,-1,-1,0,-1,-1,-1,-1,-1,-1,-1,-1,-1,-1,-1,-1,-1,-1,-1,-1,-1,-1,-1,-1,-1,-1,-1,-1,-1,-1,-1,0,-1,-1,-1,0,0,0,1,1,-1,-1,-1,0,-1,8,-1,-1,-1,-3,-2,-5,-2,-1,-5,-5,,,,
6179494,0,0,0,0,672,723,664,658,701,690,78,20,599,432,68,455,NULL,NULL,478,NULL,0,782,775,720,753,-1,-1,-1,-1,-1,-1,-1,-1,-1,-1,-1,-1,-1,-1,-1,-1,-1,-1,-1,-1,-1,-2,-2,-2,-2,-2,-2,-2,-2,-2,-2,-2,-2,-2,-2,-2,-2,-2,-2,-2,-2,-2,-2,-2,-2,-2,-2,-2,-2,-2,-2,-2,-2,-2,-2,-2,-2,-2,31,0,0,43,36,37,48,40,50,44,43,55,46,48,60,49,595,64,53,67,264,67,50,69,31,147,427,55,12,30,20,33,30,27,10,100,100,0,0,0,0,0,0,0,0,0,0,0,0,0,0,0,0,545,0,0,0,0,0,0,0,0,0,0,0,-9,0,-9,-9,-9,-9,-9,-9,-9,8,4,4,0,0,4,349,51,4,4,4,203304,16000,3,75,50,161769,175860,14091,87,88,43965,4697,43,0,176020,14251,100,0,0,-1,-1,-1,-1,-1,-1,-1,-1,-1,-1,-1,-1,-1,-1,-1,-1,-1,-1,-1,-1,-1,-1,2,0,-3,0,0,-3,339,162,-3,-3,-3,-3,-3,-3,-3,-3,-3,-3,-3,43,-3,-3,-2,-3,160,-3,160,-3,0,3,1,0,0,1,1,1,0,0,1,112,112,1,1,1,10000,1,100,100,11901,11901,119,11901,999,0,11901,1,1,1,0,0,1,51,51,1,1,1,2000,0,0,0,0,0,0,0,999,0,0,0,0,-1,-1,-1,-1,-1,-1,0,-1,-1,-1,-1,-1,-1,0,-1,-1,-1,-1,-1,-1,-1,-1,-1,-1,-1,-1,-1,-1,-1,-1,-1,-1,-1,-1,-1,0,-1,-1,-1,-1,-1,-1,-1,-1,-1,-1,-1,-1,-1,-1,-1,-1,-1,-1,-1,-1,-1,0,0,0,0,0,0,0,0,5,2,1,2,1,2,1,25,0,0,0,0,0,0,0,0,0,0,0,-4,-4,-4,0,-4,-4,1330,100,3810,-2,3810,3340,1185,145,1330,89,-1,-1,-1,-1,-4,-4,-4,-4,-1,0,0,0,0,0,0,0,0,0,0,0,0,0,0,0,0,0,2,2,2,0,0,-1,-3,-3,-3,-3,0,-4,-1,-4,-4,-4,-4,2,0,0,2,0,0,1,4,1,4,1,1,-1,-1,1,5,1,5,-1,-1,-1,-1,-4,-4,-4,0,-1,-1,-1,-1,-1,-1,-1,-1,-1,-1,-1,-1,-1,-1,-1,-1,-1,-1,-1,-1,-1,0,-1,-1,-1,-1,-1,-1,-1,-1,-1,-1,-1,-1,-1,-1,-1,-1,-1,-1,-1,-1,-1,1,1,1,0,0,1,112,112,1,1,1,10000,1,100,100,11901,11901,119,11901,999,0,11901,1,7,161769,187304,86,1,1,1,77,0,0,0,1,7,161769,187304,86,1,1,1,77,0,0,0,0,-1,-1,-1,-1,-1,-1,-1,-1,-1,-1,-1,155,155,-1,2,1,1,0,0,1,155,155,1,1,1,187304,1,100,100,161769,161769,86,86,86,161769,77,0,0,161769,-1,-1,-1,3,1,1,0,0,1,349,162,1,1,1,4000,1,100,0,2190,2190,55,2190,43,0,2350,0,-1,-1,-1,-1,-1,-1,-1,-1,-1,-1,-1,-1,-1,-1,-1,-1,-1,-1,-1,-1,-1,5,2,2,0,0,2,349,51,2,2,2,6000,1,50,0,2190,2190,37,1095,43,0,2350,3000,0,-1,-1,-1,-1,-1,-1,-1,2,1,1,0,0,1,142,51,1,1,1,2000,0,0,0,0,0,0,0,999,0,0,0,183,1,43,43,-4,-4,0,-4,-4,-4,-4,-4,-4,1,1,1,-1,0,0,1,112,112,1,1,1,10000,1,100,100,11901,11901,119,11901,999,112,0,0,0,-5,11901,1330,-1,-1,0,1185,145,-4,-4,-4,-4,-1,451,-1,-4,-4,-4,-4,-4,-4,-4,-4,-4,-4,-4,1,0,0,0,-1,-1,-1,-1,-1,-1,-1,-1,-1,-1,-1,-1,-1,-1,-1,-1,-1,-1,-1,-1,-1,0,-1,-1,-1,-1,-1,-1,-1,-1,-1,-1,-1,-1,-1,-1,-1,-1,-1,-1,-1,-1,-1,3,1,1,349,162,4000,2350,55,3,0,25,0,43,-5,-5,0,0,-1,-1,-1,-1,-1,-1,-1,-1,-4,-4,-4,-4,-4,-4,-4,-4,-4,-4,-4,-4,-4,-4,-4,-4,-4,-4,-4,-1,-1,-3,1330,100,1185,145,1330,89,,,,
1651832,0,0,0,0,811,776,727,707,781,694,173,9,623,411,117,436,428,268,648,622,2,764,747,645,741,0,1.92,NULL,NULL,NULL,NULL,NULL,NULL,10.9,-9,-5,-5,-5,-1,-1,-1,-1,-1,-1,-1,-1,0,0,3859,231,0,2645,57,1531,0,1706,222,0,2848,0,2056,2410,0,1812,0,3755,1272,2209,0,10656,3859,6735,10251,3859,3,38,79,23,25,21,31,-9,100,0,0,3859,231,0,2645,57,1531,0,1706,222,0,2848,0,2056,2410,0,1812,0,3755,1272,2209,0,10656,3859,6735,10251,3859,3,38,79,23,25,21,31,-9,100,0,0,0,0,0,0,0,0,0,0,0,0,0,0,0,0,0,0,0,0,0,0,0,0,0,0,0,0,-9,-9,-9,-9,-9,-9,-9,-9,-9,19,5,5,1,1,5,460,4,4,4,4,101646,101646,3,20,20,17555,35647,35647,35,35,7129,7129,999,0,35647,35647,100,5,4,2,2,1,1,2,56,4,1,1,1,70946,2,50,50,17555,33722,48,16861,999,60,0,33722,6,2,2,0,0,2,460,58,2,2,2,24500,1,0,0,1925,1925,8,963,999,0,22575,-2,22575,1925,12250,1925,6,0,0,0,0,0,0,-1,-1,-1,-1,-1,-1,-1,-1,-1,-1,-1,-1,-1,-1,-1,-1,-1,-1,-1,-1,-1,9,2,2,0,0,2,460,58,2,2,2,24500,1,0,0,1925,1925,8,963,999,0,1925,0,0,-1,-1,-1,-1,-1,-1,0,-1,-1,-1,-1,-1,-1,3,1,1,1,1,1,56,4,-6,-6,-6,18809,1,100,100,17555,17555,93,17555,999,0,17555,0,-1,-1,-1,-1,-1,-1,-1,-1,-1,-1,-1,-1,-1,-1,-1,-1,-1,-1,-1,-1,-1,0,0,-2,0,0,-2,0,-2,10,0,0,0,0,0,0,0,0,0,0,0,0,0,0,0,0,0,0,-4,-4,-4,0,4,-1,1250,100,28775,-5,28775,-5,1250,0,1250,100,-1,-1,-1,-1,-4,-4,-4,-4,0,0,0,0,0,0,0,0,0,0,0,0,0,0,0,0,0,0,-1,-1,0,0,0,-1,-1,-1,-1,-1,1,0,-1,1,1,0,-1,0,0,0,0,0,0,1,1,1,1,1,1,1,1,-2,1,1,1,-2,1,-1,-1,1,1,1,0,-1,-1,-1,-1,-1,-1,-1,-1,-1,-1,-1,-1,-1,-1,-1,-1,-1,-1,-1,-1,-1,1,0,-3,0,0,-3,141,141,-3,-3,-3,-3,-3,-3,-3,-3,-3,-3,-3,999,-3,-2,4,2,2,1,1,2,56,4,1,1,1,70946,2,50,50,17555,33722,48,16861,999,0,33722,0,-1,-1,-1,-1,-1,-1,-1,-1,-1,-1,-1,0,-1,-1,-1,-1,-1,-1,-1,-1,-1,-1,-1,0,-1,-1,-1,-1,-1,-1,-1,-1,-1,-1,-1,-1,-1,-1,4,0,-3,0,0,-3,214,94,-3,-3,-3,-3,-3,-3,-3,-3,-3,-3,-3,-3,-3,999,0,-3,-2,-1,-1,-1,0,-1,-1,-1,-1,-1,-1,-1,-1,-1,-1,-1,-1,-1,-1,-1,-1,-1,-1,-1,-1,-1,4,1,1,0,0,1,225,58,1,1,1,18000,1,0,0,1925,1925,11,1925,999,0,1925,11,3,3,0,0,3,460,58,3,3,3,30700,1,0,0,1925,1925,6,642,999,0,1925,10233,0,-1,-1,-1,-1,-1,-1,-1,4,1,1,0,0,1,160,65,1,1,1,6200,0,0,0,0,0,0,0,999,0,0,0,130,0,999,999,-4,-4,0,-4,-4,-4,-4,-4,-1,0,-1,-1,-1,-1,-1,-1,-1,-1,-1,-1,-1,-1,-1,-1,-1,-1,-1,-1,-1,-1,-1,-1,-1,0,-1,-1,1250,-1,-2,1225,-3,25,-4,-4,-4,-4,-1,449,-1,-4,-4,-4,-4,0,-1,-1,-1,-1,-1,-1,-1,-1,0,0,-1,-1,-1,-1,-1,-1,-1,-1,-1,-1,-1,-1,-1,-1,-1,-1,-1,-1,-1,-1,-1,0,-1,-1,-1,-1,-1,-1,-1,-1,-1,-1,-1,-1,-1,-1,-1,-1,-1,-1,-1,-1,-1,7,1,1,214,56,6500,0,0,2,5,20,0,999,-5,-5,0,0,0,0,0,0,0,0,0,0,-1,-1,-1,0,-1,-1,-1,0,-1,-1,-1,0,0,1,1,1,-1,-1,4,-1,-3,-3,1250,100,1250,-5,1250,100,,,,
2911678,0,0,0,0,772,730,687,677,763,720,120,1,536,342,99,336,280,467,495,NULL,7,747,762,609,723,-1,-1,-1,-1,-1,-1,-1,-1,-9,-9,-5,-5,-5,-3,-3,-3,-3,-3,-3,-3,-3,311,734,169,0,559,2044,502,186,1347,0,858,1,2020,1023,1903,1662,2446,3123,1633,2152,4290,1406,2128,1113,1214,3817,6711,2044,6,27,25,34,18,37,11,100,56,311,810,169,165,559,2044,502,186,1347,31,1020,1,2020,1023,1903,1662,2640,3123,1633,2379,4578,1406,2128,1113,1290,4058,7145,2044,6,28,26,34,18,35,13,100,52,0,76,0,165,0,0,0,0,0,31,162,0,0,0,0,0,194,0,0,227,288,0,0,0,76,241,434,165,4,61,-9,37,7,0,56,-9,100,7,5,4,0,0,4,568,73,4,4,4,37700,37700,2,0,0,3898,5676,5676,15,15,1419,1419,999,0,5676,5676,100,0,0,-1,-1,-1,-1,-1,-1,-1,-1,-1,-1,-1,-1,-1,-1,-1,-1,-1,-1,-1,-1,-1,-1,3,3,3,0,0,3,411,133,3,3,3,37000,2,0,0,3898,5676,15,1892,999,0,31324,-3,31324,5676,12333,2838,15,0,0,0,0,0,0,-1,-1,-1,-1,-1,-1,-1,-1,-1,-1,-1,-1,-1,-1,-1,-1,-1,-1,-1,-1,-1,2,2,2,0,0,2,307,133,2,2,2,27000,2,0,0,3898,5676,21,2838,999,0,5676,0,0,-1,-1,-1,-1,-1,-1,0,-1,-1,-1,-1,-1,-1,0,-1,-1,-1,-1,-1,-1,-1,-1,-1,-1,-1,-1,-1,-1,-1,-1,-1,-1,-1,-1,-1,0,-1,-1,-1,-1,-1,-1,-1,-1,-1,-1,-1,-1,-1,-1,-1,-1,-1,-1,-1,-1,-1,0,0,-1,0,0,-1,0,-1,4,0,-1,0,-1,0,-1,0,0,0,0,0,0,0,0,0,0,0,0,-4,-4,-4,0,-4,-4,30,32,32024,-2,32024,-2,30,-2,94,32,-1,-1,-1,-1,-4,-4,-4,-4,-1,0,0,0,0,0,0,0,0,0,0,0,0,0,0,0,0,0,-1,-1,0,0,0,-1,-3,-3,-3,-3,0,-4,-1,-4,-4,-4,-4,0,0,0,0,0,0,1,1,1,1,-2,1,-1,-1,-1,-1,1,1,-1,-1,-1,-1,-4,-4,-4,0,-1,-1,-1,-1,-1,-1,-1,-1,-1,-1,-1,-1,-1,-1,-1,-1,-1,-1,-1,-1,-1,0,-1,-1,-1,-1,-1,-1,-1,-1,-1,-1,-1,-1,-1,-1,-1,-1,-1,-1,-1,-1,-1,1,0,-3,0,0,-3,73,73,-3,-3,-3,-3,-3,-3,-3,-3,-3,-3,-3,999,-3,-2,0,-1,-1,-1,-1,-1,-1,-1,-1,-1,-1,-1,0,-1,-1,-1,-1,-1,-1,-1,-1,-1,-1,-1,0,-1,-1,-1,-1,-1,-1,-1,-1,-1,-1,-1,-1,-1,-1,0,-1,-1,-1,-1,-1,-1,-1,-1,-1,-1,-1,-1,-1,-1,-1,-1,-1,-1,-1,-1,-1,-1,-1,-1,-1,-1,-1,2,1,1,0,0,1,411,73,1,1,1,10000,0,0,0,0,0,0,0,999,0,0,2,2,2,0,0,2,307,133,2,2,2,27000,2,0,0,3898,5676,21,2838,999,0,5676,6,5,4,0,0,4,568,133,4,4,4,37700,2,0,0,3898,5676,15,1419,999,0,5676,9425,0,-1,-1,-1,-1,-1,-1,-1,3,2,1,0,0,1,568,222,1,1,1,700,0,0,0,0,0,0,0,999,0,0,0,306,0,999,999,-4,-4,0,-4,-4,-4,-4,-4,-4,0,-1,-1,-1,-1,-1,-1,-1,-1,-1,-1,-1,-1,-1,-1,-1,-1,-1,-1,-1,-1,-1,-1,-1,0,-1,-1,94,-1,-1,-3,-1,94,-4,-4,-4,-4,-1,568,-1,-4,-4,-4,-4,-4,-4,-4,-4,-4,-4,-4,-1,-1,2,1,0,-3,0,0,-3,73,73,-3,-3,-3,-3,-3,-3,-3,-3,-3,-3,-3,999,-3,-2,0,-1,-1,-1,-1,-1,-1,-1,-1,-1,-1,-1,-1,-1,-1,-1,-1,-1,-1,-1,-1,-1,1,1,-2,568,568,-2,-2,-2,1,0,20,0,999,-2,-5,0,0,-1,-1,-1,-1,-1,-1,-1,-1,-4,-4,-4,-4,-4,-4,-4,-4,-4,-4,-4,-4,-4,-4,-4,-4,-4,-4,-4,30,-1,-3,30,32,30,-2,94,32,,,,
2944677,0,0,0,0,735,786,673,587,830,629,77,0,522,370,61,315,NULL,567,508,NULL,7,763,740,625,706,-3,-3,-3,-3,-3,-3,-3,-3,-9,-5,-5,-5,-5,-1,-1,-1,-1,-1,-1,-1,-1,0,0,0,0,0,247,0,51,9,13,567,6,564,74,0,0,3,260,0,222,306,0,63,33,0,247,893,567,11,59,0,78,5,17,0,-9,100,0,0,0,0,0,288,31,51,9,13,567,6,564,74,0,0,3,260,0,222,306,0,63,33,0,288,965,567,11,63,0,74,5,21,0,-9,93,0,0,0,0,0,41,31,-2,-2,0,0,0,0,0,0,0,0,0,0,0,0,0,0,0,0,41,72,41,6,-9,-9,0,0,100,0,-9,100,6,2,2,0,1,2,504,7,2,1,1,22700,22700,0,0,0,0,0,0,0,0,0,0,79,0,0,0,100,17,1,0,-3,0,0,-3,93,93,-3,-3,-3,-3,-3,-3,-3,-3,-3,-3,-3,79,72,-3,-2,1,1,1,0,0,1,504,504,1,1,1,21700,0,0,0,0,0,0,0,999,0,21700,-3,21700,0,21700,-5,0,0,0,0,0,0,1,0,-3,0,0,-3,93,93,-3,-3,-3,-3,-3,-3,-3,-3,-3,-3,-3,79,-3,-2,1,1,1,0,0,1,504,504,1,1,1,21700,0,0,0,0,0,0,0,999,0,0,0,0,-1,-1,-1,-1,-1,-1,0,-1,-1,-1,-1,-1,-1,0,-1,-1,-1,-1,-1,-1,-1,-1,-1,-1,-1,-1,-1,-1,-1,-1,-1,-1,-1,-1,-1,1,0,-3,0,0,-3,108,108,-3,-3,-3,-3,-3,-3,-3,-3,-3,-3,-3,999,-3,-2,0,0,-2,0,0,-2,0,-2,4,1,0,1,0,1,0,17,0,0,0,0,0,0,0,0,0,0,1,1,84,0,1,7,-1,-5,-5,22700,-2,22700,-5,-5,-2,0,-5,-1,-1,-1,-1,-4,-4,-4,-4,0,0,0,0,0,0,0,0,0,0,0,0,0,0,0,0,0,0,-2,-2,2,0,0,-1,-1,-1,-1,-1,1,0,-1,0,1,0,-1,2,0,0,2,0,0,1,1,1,1,-2,10,-2,10,-2,1,1,10,-1,-1,-1,-1,1,0,1,0,-1,-1,-1,-1,-1,-1,-1,-1,-1,-1,-1,-1,-1,-1,-1,-1,-1,-1,-1,-1,-1,0,-1,-1,-1,-1,-1,-1,-1,-1,-1,-1,-1,-1,-1,-1,-1,-1,-1,-1,-1,-1,-1,1,0,-3,0,0,-3,93,93,-3,-3,-3,-3,-3,-3,-3,-3,-3,-3,-3,79,-3,-2,0,-1,-1,-1,-1,-1,-1,-1,-1,-1,-1,-1,0,-1,-1,-1,-1,-1,-1,-1,-1,-1,-1,-1,0,-1,-1,-1,-1,-1,-1,-1,-1,-1,-1,-1,-1,-1,-1,1,0,-3,0,0,-3,279,279,-3,-3,-3,-3,-3,-3,-3,-3,-3,-3,-3,-3,-3,999,0,-3,-2,-1,-1,-1,0,-1,-1,-1,-1,-1,-1,-1,-1,-1,-1,-1,-1,-1,-1,-1,-1,-1,-1,-1,-1,-1,1,1,1,0,0,1,504,504,1,1,1,21700,0,0,0,0,0,0,0,999,0,0,4,2,2,0,1,2,504,7,2,1,1,22700,0,0,0,0,0,0,0,999,0,0,11350,0,-1,-1,-1,-1,-1,-1,-1,3,1,1,0,1,1,108,7,1,-6,-6,1000,0,0,0,0,0,0,0,999,0,0,0,177,0,79,79,-4,-4,0,-4,-4,-4,-4,-4,0,0,-1,-1,-1,-1,-1,-1,-1,-1,-1,-1,-1,-1,-1,-1,-1,-1,-1,-1,-1,-1,-1,-1,-1,0,-1,-1,0,-1,-1,-3,-3,0,-2,-5,0,84,999,427,0,-4,-4,-4,-4,0,-1,-1,-1,-1,-1,-1,-1,-1,0,0,-1,-1,-1,-1,-1,-1,-1,-1,-1,-1,-1,-1,-1,-1,-1,-1,-1,-1,-1,-1,-1,0,-1,-1,-1,-1,-1,-1,-1,-1,-1,-1,-1,-1,-1,-1,-1,-1,-1,-1,-1,-1,-1,1,0,-3,279,279,-3,-2,-3,0,1,0,0,999,-2,-5,0,-3,1,0,1,0,1,0,0,0,-1,-1,-1,0,-1,-1,-1,0,-1,-1,-1,0,-1,-1,-1,0,-1,-1,-1,-1,-1,-3,-5,-5,-5,-2,-5,-5,,,,
9765712,0,1,0,0,653,555,629,708,705,657,60,0,731,453,67,585,NULL,586,627,NULL,5,656,647,598,701,-3,-3,-3,-3,-3,-3,-3,-3,-7,-7,-7,-7,-7,-3,-3,-3,-3,-3,-3,-3,-3,0,52,215,-2,-2,-2,-2,-2,-2,-2,-2,-2,-2,-2,-2,-2,-2,-2,-2,-2,-2,-2,-2,-2,267,267,267,215,3,-9,-9,-2,-2,-2,100,-9,100,0,52,215,0,0,-2,0,0,0,0,0,0,0,2,2,3,4,5,6,7,8,10,9,11,267,267,267,215,3,399,999,0,0,0,100,-9,100,0,0,0,0,0,-2,0,0,0,0,0,0,0,2,2,3,4,5,6,7,8,10,9,11,0,0,0,0,-9,0,0,-9,-9,-9,-9,-9,-9,9,3,3,2,3,3,155,4,2,1,1,785,785,0,0,0,0,0,0,0,0,0,0,20,0,0,0,100,33,2,0,-3,0,0,-3,155,57,-3,-3,-3,-3,-3,-3,-3,-3,-3,-3,-3,999,60,-3,0,1,1,1,1,1,1,4,4,-6,-6,-6,300,0,0,0,0,0,0,0,999,0,300,-3,300,0,300,-5,0,0,0,0,0,0,0,-1,-1,-1,-1,-1,-1,-1,-1,-1,-1,-1,-1,-1,-1,-1,-1,-1,-1,-1,-1,-1,1,1,1,1,1,1,4,4,-6,-6,-6,300,0,0,0,0,0,0,0,999,0,0,0,0,-1,-1,-1,-1,-1,-1,0,-1,-1,-1,-1,-1,-1,1,0,-3,0,0,-3,155,155,-3,-3,-3,-3,-3,-3,-3,-3,-3,-3,-3,999,-3,-2,2,0,-3,0,0,-3,77,74,-3,-3,-3,-3,-3,-3,-3,-3,-3,-3,-3,999,-3,0,0,0,-1,0,0,-1,0,-1,7,1,-1,0,-1,0,-1,11,0,0,0,1,0,0,0,0,0,0,0,-4,-4,-4,0,2,2,0,-5,785,-5,785,-5,-5,0,0,-5,-1,-1,-1,-1,597,597,6,1,0,0,0,0,0,0,0,0,0,0,0,0,0,0,0,0,0,0,-2,-1,1,0,0,-1,-1,-1,-1,-1,4,0,3,2,2,2,2,2,0,1,1,0,0,1,1,1,1,1,2,1,1,-1,-1,1,2,-1,-1,-1,-1,2,1,1,0,-1,-1,-1,-1,-1,-1,-1,-1,-1,-1,-1,-1,-1,-1,-1,-1,-1,-1,-1,-1,-1,0,-1,-1,-1,-1,-1,-1,-1,-1,-1,-1,-1,-1,-1,-1,-1,-1,-1,-1,-1,-1,-1,3,0,-3,0,0,-3,155,57,-3,-3,-3,-3,-3,-3,-3,-3,-3,-3,-3,20,-3,0,0,-1,-1,-1,-1,-1,-1,-1,-1,-1,-1,-1,0,-1,-1,-1,-1,-1,-1,-1,-1,-1,-1,-1,0,-1,-1,-1,-1,-1,-1,-1,-1,-1,-1,-1,-1,-1,-1,0,-1,-1,-1,-1,-1,-1,-1,-1,-1,-1,-1,-1,-1,-1,-1,-1,-1,-1,-1,-1,-1,-1,-1,-1,-1,-1,-1,2,0,-3,0,0,-3,57,57,-3,-3,-3,-3,-3,-3,-3,-3,-3,-3,-3,20,-3,0,0,-1,-1,-1,-1,-1,-1,-1,-1,-1,-1,-1,-1,-1,-1,-1,-1,-1,-1,-1,-1,-1,5,2,2,2,3,2,77,4,1,-6,-6,750,0,0,0,0,0,0,0,999,0,0,375,0,-1,-1,-1,-1,-1,-1,-1,5,2,2,1,2,2,121,6,2,1,1,485,0,0,0,0,0,0,0,999,0,0,0,63,0,999,999,1691,854,6,1,5,1,5,1,-1,0,-1,-1,-1,-1,-1,-1,-1,-1,-1,-1,-1,-1,-1,-1,-1,-1,-1,-1,-1,-1,-1,-1,-1,0,-1,-1,0,-1,-1,-3,-1,0,-4,-4,-4,-4,-1,441,-1,14,29,1434,597,2,0,0,0,-1,-1,-1,-1,-1,0,1,0,-3,0,0,-3,57,57,-3,-3,-3,-3,-3,-3,-3,-3,-3,-3,-3,20,-3,-2,0,-1,-1,-1,-1,-1,-1,-1,-1,-1,-1,-1,-1,-1,-1,-1,-1,-1,-1,-1,-1,-1,3,0,-3,155,57,-3,0,-3,0,3,0,0,20,-5,-5,0,-5,0,0,0,0,0,0,0,0,1,1,1,1,0,0,0,1,-1,-1,-1,0,0,0,0,1,15,-1,15,36,-1,-3,-5,-5,-5,-5,-5,-5,,,,